time,prediction,prediction_tau,idle,transmit
0,0,0,-0.0558835,-0.532555
0,0,1,-0.0520121,-0.522053
0,0,2,-0.048865,-0.541988
0,0,3,-0.0463411,-0.532002
0,0,4,-0.0433209,-0.502065
0,0,5,-0.0403736,-0.537677
0,0,6,-0.0375736,-0.544389
0,0,7,-0.0347116,-0.505958
0,0,8,-0.0314178,-0.530249
0,0,9,-0.0286675,-0.53546
0,0,10,-0.0256426,-0.542087
0,0,11,-0.0215278,-0.525854
0,0,12,-0.0165568,-0.453583
0,0,13,-0.0138022,-0.421426
0,0,14,-0.0110485,-0.405667
0,0,15,-0.00720501,-0.3829
0,0,16,-0.00279114,-0.199481
0,0,17,-0.00150034,-0.204808
0,0,18,0.000364684,-0.20748
0,0,19,0.000678283,-0.0824781
0,0,20,0.00227839,-0.205049
0,0,21,0.00284751,-0.110624
0,0,22,0,0
0,0,23,0.00166829,-0.0483649
0,0,24,0.00176901,-0.0491982
0,0,25,0.00213885,-0.0486982
0,0,26,0.00225523,-0.0463996
0,0,27,0,0
0,0,28,0,0
0,0,29,0,0
0,0,30,0,0
0,1,0,-0.0556981,-0.501342
0,1,1,-0.0515176,-0.524408
0,1,2,-0.0488643,-0.538469
0,1,3,-0.0458638,-0.506212
0,1,4,-0.0427663,-0.505811
0,1,5,-0.0400223,-0.523087
0,1,6,-0.0366831,-0.513556
0,1,7,-0.033998,-0.491139
0,1,8,-0.0311046,-0.50683
0,1,9,-0.027951,-0.516085
0,1,10,-0.0252624,-0.551157
0,1,11,-0.0226109,-0.523364
0,1,12,-0.0188919,-0.542691
0,1,13,-0.0162664,-0.51529
0,1,14,-0.0110878,-0.463331
0,1,15,-0.00923123,-0.439643
0,1,16,-0.00608366,-0.43607
0,1,17,-0.00194692,-0.352656
0,1,18,-0.000568261,-0.167176
0,1,19,0.00197348,-0.212337
0,1,20,0.00163583,-0.125913
0,1,21,0.00369967,-0.142274
0,1,22,0.00665359,-0.204525
0,1,23,0.00323844,-0.0911469
0,1,24,0.00530081,-0.117344
0,1,25,0,0
0,1,26,0,0
0,1,27,0.00264606,-0.039321
0,1,28,0,0
0,1,29,0,0
0,1,30,0,0
0,2,0,-0.0549259,-0.502162
0,2,1,-0.0502743,-0.461041
0,2,2,-0.0477523,-0.504337
0,2,3,-0.045571,-0.508515
0,2,4,-0.0419941,-0.517675
0,2,5,-0.0392776,-0.483749
0,2,6,-0.0365337,-0.476605
0,2,7,-0.0329185,-0.504286
0,2,8,-0.029833,-0.480075
0,2,9,-0.0263028,-0.466984
0,2,10,-0.0249489,-0.495855
0,2,11,-0.0219889,-0.498007
0,2,12,-0.0184711,-0.48595
0,2,13,-0.0146619,-0.47386
0,2,14,-0.0116768,-0.446549
0,2,15,-0.00808392,-0.424175
0,2,16,-0.00392768,-0.309929
0,2,17,-0.000762459,-0.200153
0,2,18,0.000716914,-0.24903
0,2,19,0.00227479,-0.211033
0,2,20,0.00143116,-0.0782236
0,2,21,0.00190748,-0.0707137
0,2,22,0,0
0,2,23,0.00159849,-0.034906
0,2,24,0,0
0,2,25,0.00392592,-0.0748353
0,2,26,0.0021832,-0.0436309
0,2,27,0,0
0,2,28,0,0
0,2,29,0,0
0,2,30,0,0
0,3,0,-0.0551052,-0.461053
0,3,1,-0.0513718,-0.465446
0,3,2,-0.0484721,-0.463931
0,3,3,-0.04516,-0.48714
0,3,4,-0.042274,-0.467974
0,3,5,-0.0392501,-0.459105
0,3,6,-0.036394,-0.484865
0,3,7,-0.0329564,-0.497576
0,3,8,-0.0308701,-0.482099
0,3,9,-0.0275157,-0.486161
0,3,10,-0.0252063,-0.471905
0,3,11,-0.0223676,-0.464863
0,3,12,-0.0186073,-0.446138
0,3,13,-0.0156786,-0.45958
0,3,14,-0.011848,-0.472665
0,3,15,-0.00750642,-0.410077
0,3,16,-0.0044132,-0.362824
0,3,17,-0.000874095,-0.262046
0,3,18,2.37103e-05,-0.264041
0,3,19,0.00131715,-0.125855
0,3,20,0.00128036,-0.0666899
0,3,21,0.00327795,-0.129366
0,3,22,0.00118014,-0.0412672
0,3,23,0,0
0,3,24,0.00185299,-0.0351929
0,3,25,0.00216277,-0.0451139
0,3,26,0.00231163,-0.0301424
0,3,27,0,0
0,3,28,0,0
0,3,29,0,0
0,3,30,0.00346997,-0.0469523
0,4,0,-0.0542967,-0.428455
0,4,1,-0.0509215,-0.46921
0,4,2,-0.0483151,-0.458262
0,4,3,-0.0454727,-0.450615
0,4,4,-0.0427972,-0.471106
0,4,5,-0.0397654,-0.439431
0,4,6,-0.0368818,-0.419824
0,4,7,-0.0336444,-0.462884
0,4,8,-0.0311797,-0.472256
0,4,9,-0.0276065,-0.468651
0,4,10,-0.0253353,-0.465588
0,4,11,-0.0219734,-0.470281
0,4,12,-0.0195818,-0.408178
0,4,13,-0.0163988,-0.439697
0,4,14,-0.0133699,-0.455383
0,4,15,-0.0104937,-0.454286
0,4,16,-0.0076055,-0.430069
0,4,17,-0.00355888,-0.377832
0,4,18,-0.000473566,-0.273718
0,4,19,0.000833414,-0.181554
0,4,20,0.00302102,-0.175695
0,4,21,0.00263199,-0.0808882
0,4,22,0.00446797,-0.135945
0,4,23,0.00132891,-0.0291021
0,4,24,0,0
0,4,25,0,0
0,4,26,0.00221691,-0.0490315
0,4,27,0,0
0,4,28,0,0
0,4,29,0,0
0,4,30,0,0
0,5,0,-0.055119,-0.418642
0,5,1,-0.0510763,-0.4184
0,5,2,-0.0488788,-0.406236
0,5,3,-0.0456289,-0.42209
0,5,4,-0.0423252,-0.422475
0,5,5,-0.0398309,-0.431453
0,5,6,-0.0370606,-0.392009
0,5,7,-0.0341301,-0.460887
0,5,8,-0.0311785,-0.405925
0,5,9,-0.0284981,-0.410765
0,5,10,-0.0255384,-0.413906
0,5,11,-0.0228683,-0.43388
0,5,12,-0.0194689,-0.43301
0,5,13,-0.0169164,-0.418287
0,5,14,-0.0131033,-0.410626
0,5,15,-0.0107358,-0.406039
0,5,16,-0.00720282,-0.400608
0,5,17,-0.00465563,-0.417951
0,5,18,-0.00130966,-0.389178
0,5,19,0.00139978,-0.236535
0,5,20,0.00254029,-0.164751
0,5,21,0.000709093,-0.0186643
0,5,22,0.00131057,-0.0285754
0,5,23,0,0
0,5,24,0.00185189,-0.0270744
0,5,25,0,0
0,5,26,0,0
0,5,27,0.00264032,-0.0378274
0,5,28,0,0
0,5,29,0,0
0,5,30,0,0
0,6,0,-0.0552414,-0.373678
0,6,1,-0.052151,-0.380014
0,6,2,-0.049087,-0.402996
0,6,3,-0.0454372,-0.348316
0,6,4,-0.0431376,-0.39661
0,6,5,-0.0396529,-0.378421
0,6,6,-0.0369133,-0.371192
0,6,7,-0.033702,-0.367666
0,6,8,-0.0308448,-0.41444
0,6,9,-0.0284416,-0.327198
0,6,10,-0.0253778,-0.399597
0,6,11,-0.0222668,-0.36061
0,6,12,-0.0189703,-0.392213
0,6,13,-0.0163522,-0.393319
0,6,14,-0.0131278,-0.35752
0,6,15,-0.0106248,-0.383931
0,6,16,-0.00794549,-0.387483
0,6,17,-0.00477656,-0.37972
0,6,18,-0.00147338,-0.313907
0,6,19,0.00124912,-0.307916
0,6,20,0.00221301,-0.179633
0,6,21,0.00396797,-0.149251
0,6,22,0.00248489,-0.0522612
0,6,23,0,0
0,6,24,0.0033014,-0.0672237
0,6,25,0.00202864,-0.0394244
0,6,26,0.00456348,-0.0534872
0,6,27,0.00267464,-0.0213901
0,6,28,0,0
0,6,29,0,0
0,6,30,0,0
0,7,0,-0.053665,-0.310355
0,7,1,-0.0502743,-0.325042
0,7,2,-0.0473285,-0.320565
0,7,3,-0.0450059,-0.331182
0,7,4,-0.042403,-0.345594
0,7,5,-0.0385739,-0.346553
0,7,6,-0.0364858,-0.342039
0,7,7,-0.0332849,-0.353292
0,7,8,-0.0302663,-0.36937
0,7,9,-0.0275284,-0.340239
0,7,10,-0.0242254,-0.358862
0,7,11,-0.0218411,-0.365252
0,7,12,-0.0182086,-0.361399
0,7,13,-0.0155132,-0.334661
0,7,14,-0.012613,-0.384627
0,7,15,-0.00995495,-0.339843
0,7,16,-0.00694475,-0.34284
0,7,17,-0.00372909,-0.351368
0,7,18,0.000163323,-0.33967
0,7,19,0.00260309,-0.283077
0,7,20,0.00403359,-0.179175
0,7,21,0.00693068,-0.221993
0,7,22,0.00284348,-0.0865635
0,7,23,0.00632684,-0.0882694
0,7,24,0.00167171,-0.012552
0,7,25,0.00183392,-0.0323164
0,7,26,0.00648628,-0.0821503
0,7,27,0,0
0,7,28,0,0
0,7,29,0,0
0,7,30,0,0
0,8,0,-0.0545758,-0.28959
0,8,1,-0.0497333,-0.313313
0,8,2,-0.0471804,-0.268938
0,8,3,-0.0448451,-0.326354
0,8,4,-0.0412798,-0.291847
0,8,5,-0.0384691,-0.29871
0,8,6,-0.0359847,-0.335144
0,8,7,-0.0329346,-0.326439
0,8,8,-0.0303899,-0.317436
0,8,9,-0.0274195,-0.302333
0,8,10,-0.0245719,-0.325915
0,8,11,-0.0215124,-0.300648
0,8,12,-0.0181132,-0.293658
0,8,13,-0.0156321,-0.317941
0,8,14,-0.0122479,-0.315956
0,8,15,-0.0093942,-0.286968
0,8,16,-0.00652495,-0.282532
0,8,17,-0.00390246,-0.322754
0,8,18,0.000514075,-0.332536
0,8,19,0.00316451,-0.262965
0,8,20,0.00589314,-0.22993
0,8,21,0.00747191,-0.231132
0,8,22,0.00665276,-0.128265
0,8,23,0.0107442,-0.190852
0,8,24,0.00827603,-0.113511
0,8,25,0.00203512,-0.0150827
0,8,26,0.00441382,-0.0443819
0,8,27,0.00262203,-0.0272591
0,8,28,0.00543402,-0.0679949
0,8,29,0,0
0,8,30,0,0
0,9,0,-0.0322524,-0.158868
0,9,1,-0.0294506,-0.121689
0,9,2,-0.0393766,-0.243405
0,9,3,-0.0434872,-0.267659
0,9,4,-0.0413965,-0.270917
0,9,5,-0.0383737,-0.264974
0,9,6,-0.0351725,-0.281227
0,9,7,-0.0323421,-0.297617
0,9,8,-0.029849,-0.255418
0,9,9,-0.0267522,-0.2607
0,9,10,-0.0234929,-0.308047
0,9,11,-0.0215185,-0.323375
0,9,12,-0.0179958,-0.274042
0,9,13,-0.0139867,-0.242946
0,9,14,-0.0120813,-0.293853
0,9,15,-0.00850684,-0.257732
0,9,16,-0.00483298,-0.305802
0,9,17,-0.00202035,-0.290339
0,9,18,0.00114485,-0.261024
0,9,19,0.00375925,-0.273298
0,9,20,0.00727956,-0.24162
0,9,21,0.00949382,-0.221256
0,9,22,0.0104595,-0.194654
0,9,23,0.0112862,-0.136596
0,9,24,0.0111647,-0.120215
0,9,25,0.0163369,-0.179387
0,9,26,0.0155358,-0.137434
0,9,27,0.00487761,-0.0640343
0,9,28,0.00534447,-0.0547961
0,9,29,0.00603387,-0.0264027
0,9,30,0.0102166,-0.0488099
0,10,0,-0.0484317,-0.20446
0,10,1,-0.0380677,-0.144087
0,10,2,-0.0403339,-0.199169
0,10,3,-0.0367733,-0.178971
0,10,4,-0.0382409,-0.189296
0,10,5,-0.0368085,-0.270981
0,10,6,-0.0345946,-0.234216
0,10,7,-0.0314221,-0.245235
0,10,8,-0.0289065,-0.275334
0,10,9,-0.0253688,-0.238115
0,10,10,-0.0227994,-0.216604
0,10,11,-0.0202377,-0.263157
0,10,12,-0.0168541,-0.21925
0,10,13,-0.0136612,-0.235503
0,10,14,-0.010583,-0.262513
0,10,15,-0.00738483,-0.284012
0,10,16,-0.00448421,-0.269331
0,10,17,-0.0012288,-0.184137
0,10,18,0.00201236,-0.225521
0,10,19,0.00507063,-0.24165
0,10,20,0.00761469,-0.240258
0,10,21,0.0108019,-0.219246
0,10,22,0.0136106,-0.228552
0,10,23,0.0166226,-0.252558
0,10,24,0.0194293,-0.204984
0,10,25,0.0203104,-0.197229
0,10,26,0.0222929,-0.219898
0,10,27,0.0191623,-0.0927554
0,10,28,0.0118036,-0.0771294
0,10,29,0.0165861,-0.118159
0,10,30,0,0
0,11,0,-0.0291915,-0.0861404
0,11,1,-0.0149191,-0.0578962
0,11,2,-0.0287702,-0.0915196
0,11,3,-0.0271812,-0.134222
0,11,4,-0.029198,-0.172187
0,11,5,-0.0245471,-0.142766
0,11,6,-0.0304553,-0.199407
0,11,7,-0.0289215,-0.197831
0,11,8,-0.0282066,-0.202133
0,11,9,-0.0257808,-0.204134
0,11,10,-0.0219398,-0.23868
0,11,11,-0.0196079,-0.219899
0,11,12,-0.0161362,-0.180775
0,11,13,-0.0128135,-0.182985
0,11,14,-0.00970575,-0.198038
0,11,15,-0.00684231,-0.208268
0,11,16,-0.00408504,-0.234618
0,11,17,-0.00081881,-0.211637
0,11,18,0.00221751,-0.208684
0,11,19,0.00493336,-0.18733
0,11,20,0.00847449,-0.16646
0,11,21,0.0117329,-0.208498
0,11,22,0.014144,-0.208491
0,11,23,0.0166054,-0.194522
0,11,24,0.0178887,-0.189554
0,11,25,0.0203655,-0.164361
0,11,26,0.0219674,-0.157166
0,11,27,0.0235804,-0.204337
0,11,28,0.0184055,-0.116322
0,11,29,0.00879855,-0.0414699
0,11,30,0.0128373,-0.0806002
0,12,0,-0.00451982,-0.0377933
0,12,1,0,0
0,12,2,-0.00755533,-0.0359941
0,12,3,-0.0126838,-0.0347088
0,12,4,-0.0123221,-0.0403181
0,12,5,-0.0156993,-0.0855538
0,12,6,-0.0235947,-0.124252
0,12,7,-0.023096,-0.110959
0,12,8,-0.0248889,-0.140205
0,12,9,-0.0208858,-0.164291
0,12,10,-0.0186706,-0.147284
0,12,11,-0.017052,-0.146802
0,12,12,-0.0139974,-0.21065
0,12,13,-0.0116926,-0.157445
0,12,14,-0.00709045,-0.128995
0,12,15,-0.00488976,-0.179968
0,12,16,-0.0019617,-0.150916
0,12,17,0.000796682,-0.140246
0,12,18,0.00297429,-0.146903
0,12,19,0.00554372,-0.17922
0,12,20,0.00789583,-0.108547
0,12,21,0.00964387,-0.168463
0,12,22,0.0126517,-0.179055
0,12,23,0.0148601,-0.138168
0,12,24,0.0160678,-0.132767
0,12,25,0.0143457,-0.131438
0,12,26,0.0112923,-0.0739021
0,12,27,0.0142955,-0.100581
0,12,28,0.018421,-0.0787941
0,12,29,0.00607241,-0.0198766
0,12,30,0.00382909,-0.00416907
0,13,0,0,0
0,13,1,0,0
0,13,2,-0.0109224,-0.0480238
0,13,3,-0.00405165,-0.0123184
0,13,4,0,0
0,13,5,-0.00913959,-0.0182267
0,13,6,-0.0123795,-0.0407983
0,13,7,-0.00691592,-0.0369441
0,13,8,-0.010076,-0.0381429
0,13,9,-0.0177056,-0.0948121
0,13,10,-0.015289,-0.0871393
0,13,11,-0.011991,-0.0841389
0,13,12,-0.0101633,-0.0669414
0,13,13,-0.00951864,-0.126243
0,13,14,-0.00786419,-0.117808
0,13,15,-0.00555406,-0.0946514
0,13,16,-0.0019709,-0.162137
0,13,17,0.000472722,-0.15214
0,13,18,0.00342225,-0.123872
0,13,19,0.00498101,-0.098176
0,13,20,0.00890968,-0.0965094
0,13,21,0.0105369,-0.123054
0,13,22,0.0137347,-0.0916299
0,13,23,0.0140373,-0.125696
0,13,24,0.0177668,-0.0985363
0,13,25,0.0166685,-0.0683856
0,13,26,0.016209,-0.0642397
0,13,27,0.0190189,-0.0817444
0,13,28,0.0139247,-0.0868976
0,13,29,0,0
0,13,30,0.00320957,0.00532907
0,14,0,0,0
0,14,1,0,0
0,14,2,0,0
0,14,3,-0.00399636,-0.0088704
0,14,4,0,0
0,14,5,-0.00351663,-0.0098176
0,14,6,-0.00286447,-0.00938127
0,14,7,-0.00249683,-0.0186245
0,14,8,-0.00832162,-0.0290166
0,14,9,-0.00396633,-0.0320561
0,14,10,-0.00964418,-0.0642049
0,14,11,-0.00725999,-0.0559255
0,14,12,-0.00935404,-0.0663086
0,14,13,-0.00711619,-0.0295647
0,14,14,-0.00489874,-0.0634772
0,14,15,-0.00387096,-0.0945843
0,14,16,-0.00228129,-0.0548965
0,14,17,0.000257286,-0.0483956
0,14,18,0.00201743,-0.0511623
0,14,19,0.00518792,-0.0658129
0,14,20,0.00758315,-0.0592677
0,14,21,0.00976455,-0.0522392
0,14,22,0.0122579,-0.095536
0,14,23,0.011057,-0.045045
0,14,24,0.0112385,-0.0573372
0,14,25,0.0164288,-0.10418
0,14,26,0.0129265,-0.0425814
0,14,27,0.0131953,-0.0350389
0,14,28,0.0105182,-0.010648
0,14,29,0.00613168,-0.0276329
0,14,30,0.0103983,-0.0176194
0,15,0,0,0
0,15,1,0,0
0,15,2,0,0
0,15,3,0,0
0,15,4,0,0
0,15,5,0,0
0,15,6,-0.00274019,-0.0308609
0,15,7,-0.00729424,-0.00360669
0,15,8,-0.00464376,0.00280682
0,15,9,-0.00731086,-0.0144164
0,15,10,-0.0077844,-0.0250447
0,15,11,-0.00458859,-0.0177581
0,15,12,-0.00261563,-0.0166442
0,15,13,-0.00112435,-0.00773467
0,15,14,-0.00280583,-0.0115887
0,15,15,-0.000832314,-0.0209965
0,15,16,-0.000458995,2.14933e-06
0,15,17,0.000138378,-0.0218342
0,15,18,0.00180105,-0.0354796
0,15,19,0.00305878,-0.0187585
0,15,20,0.00234997,-0.0124483
0,15,21,0.00531567,-0.0155841
0,15,22,0.00283893,-0.0314907
0,15,23,0.00175437,-0.0108512
0,15,24,0.00668494,-0.0302683
0,15,25,0.00789623,-0.0243365
0,15,26,0,0
0,15,27,0.00247613,-0.00701093
0,15,28,0.00566034,0.00180207
0,15,29,0.00322696,-0.00917973
0,15,30,0.00660986,0.0007874
0,16,0,0,0
0,16,1,0,0
0,16,2,0,0
0,16,3,0,0
0,16,4,0,0
0,16,5,0,0
0,16,6,-0.00567422,-0.00130121
0,16,7,-0.00254508,-0.0090978
0,16,8,0,0
0,16,9,-0.0042558,-0.0142568
0,16,10,0,0
0,16,11,-0.00554927,0.0025788
0,16,12,-0.0024199,0.0138061
0,16,13,-0.00101728,0.00999733
0,16,14,-0.00080006,-0.00435793
0,16,15,0,0
0,16,16,-0.000510428,0.00999408
0,16,17,0.00023872,-0.00317867
0,16,18,0.000944736,0.0102446
0,16,19,0.0006865,-0.00431847
0,16,20,0.00172022,-0.00951888
0,16,21,0,0
0,16,22,0.00155059,0.00606693
0,16,23,0.00177843,0.0011336
0,16,24,0,0
0,16,25,0,0
0,16,26,0.00243355,0.0150885
0,16,27,0,0
0,16,28,0,0
0,16,29,0,0
0,16,30,0.00357963,0.00107767
0,17,0,0,0
0,17,1,0,0
0,17,2,0,0
0,17,3,0,0
0,17,4,-0.00323956,0.0162397
0,17,5,-0.00597477,0.00116635
0,17,6,-0.00285942,-0.0023384
0,17,7,0,0
0,17,8,-0.00232668,0.00709407
0,17,9,0,0
0,17,10,-0.00331602,0.0199249
0,17,11,-0.00159653,0.0052232
0,17,12,-0.00125083,0.00742667
0,17,13,-0.00105683,0.0186911
0,17,14,-0.00159873,0.0133685
0,17,15,0,0
0,17,16,-0.00012968,0.014568
0,17,17,0.000141127,0.0084678
0,17,18,0.000669633,0.0260801
0,17,19,0.000983606,-0.00272054
0,17,20,0.00244327,0.0175429
0,17,21,0.00406694,0.0368117
0,17,22,0.00382597,0.018577
0,17,23,0.00294871,0.0118548
0,17,24,0.00200043,-0.00109307
0,17,25,0,0
0,17,26,0,0
0,17,27,0.00264525,-0.0116413
0,17,28,0,0
0,17,29,0.00325845,0.00187493
0,17,30,0,0
0,18,0,0,0
0,18,1,0,0
0,18,2,0,0
0,18,3,0,0
0,18,4,0,0
0,18,5,-0.00314858,0.0188728
0,18,6,-0.00291537,0.0052104
0,18,7,-0.00270339,0.0053208
0,18,8,0,0
0,18,9,-0.0019837,0.0253256
0,18,10,0,0
0,18,11,-0.00147377,0.00985887
0,18,12,-0.0012696,0.022268
0,18,13,-0.00336103,0.0260264
0,18,14,-0.00139485,0.025139
0,18,15,-0.00141228,0.0251609
0,18,16,-0.00027176,0.0207448
0,18,17,4.02861e-05,0.0167404
0,18,18,0.000985414,0.0397541
0,18,19,0.00187733,0.0279734
0,18,20,0.00352051,0.0466106
0,18,21,0.00126216,0.00606293
0,18,22,0.00695915,0.0403446
0,18,23,0.00446551,0.0400442
0,18,24,0.00801119,0.0729548
0,18,25,0.00211827,0.00725947
0,18,26,0.00445772,0.0167167
0,18,27,0.0113416,0.0693489
0,18,28,0,0
0,18,29,0,0
0,18,30,0.00986751,0.00762063
0,19,0,0,0
0,19,1,0,0
0,19,2,0,0
0,19,3,0,0
0,19,4,0,0
0,19,5,-0.00310376,0.0133555
0,19,6,0,0
0,19,7,-0.0025036,0.0203845
0,19,8,0,0
0,19,9,-0.00403662,0.0204789
0,19,10,0,0
0,19,11,0,0
0,19,12,0,0
0,19,13,0,0
0,19,14,-0.000696953,-0.00317033
0,19,15,0,0
0,19,16,-0.000212887,0.0187391
0,19,17,0.000182709,0.038965
0,19,18,0.000844871,0.0344465
0,19,19,0.00203404,0.0368535
0,19,20,0.00287312,0.0441336
0,19,21,0.00126874,0.0106053
0,19,22,0.00272479,0.0132675
0,19,23,0.010474,0.0975842
0,19,24,0.00202648,0.0223955
0,19,25,0.00227691,0.0275907
0,19,26,0.00661989,0.032315
0,19,27,0.00743415,0.0354305
0,19,28,0.00292305,0.0146257
0,19,29,0.00327107,0.00637787
0,19,30,0,0
0,20,0,0,0
0,20,1,0,0
0,20,2,0,0
0,20,3,0,0
0,20,4,0,0
0,20,5,0,0
0,20,6,0,0
0,20,7,0,0
0,20,8,0,0
0,20,9,0,0
0,20,10,0,0
0,20,11,-0.00159283,0.019165
0,20,12,0,0
0,20,13,-0.00099914,0.0214347
0,20,14,-0.0021098,0.0568557
0,20,15,-0.000512853,0.020344
0,20,16,-0.000716727,0.0375991
0,20,17,8.15163e-05,0.0334462
0,20,18,0.000413513,0.0347007
0,20,19,0.00248417,0.0994429
0,20,20,0.00277929,0.0539549
0,20,21,0.00498611,0.0570662
0,20,22,0.00551957,0.0870278
0,20,23,0.00600124,0.0913923
0,20,24,0.00802553,0.0742675
0,20,25,0.00422703,0.0164259
0,20,26,0.00470318,0.0381998
0,20,27,0.0114904,0.0862903
0,20,28,0.0107205,0.0656811
0,20,29,0.00896621,0.0627655
0,20,30,0.00991892,0.0584697
0,21,0,0,0
0,21,1,0,0
0,21,2,0,0
0,21,3,0,0
0,21,4,0,0
0,21,5,0,0
0,21,6,0,0
0,21,7,0,0
0,21,8,0,0
0,21,9,0,0
0,21,10,0,0
0,21,11,0,0
0,21,12,-0.00143649,0.0341919
0,21,13,0,0
0,21,14,-0.00071384,0.0130157
0,21,15,-0.00056282,0.0260105
0,21,16,-3.728e-05,0.0148397
0,21,17,2.70133e-05,0.0320603
0,21,18,0.000294213,0.0180104
0,21,19,0.00195639,0.0819079
0,21,20,0.00331586,0.0691377
0,21,21,0.00324259,0.0322718
0,21,22,0.00378344,0.0685562
0,21,23,0.00157733,0.0149215
0,21,24,0.00933095,0.106128
0,21,25,0.0021348,0.0237565
0,21,26,0.00490022,0.0198551
0,21,27,0.00520813,0.0280699
0,21,28,0.00807507,0.0687424
0,21,29,0.00320599,0.020537
0,21,30,0.0106989,0.0614745
0,22,0,0,0
0,22,1,0,0
0,22,2,0,0
0,22,3,0,0
0,22,4,0,0
0,22,5,0,0
0,22,6,0,0
0,22,7,0,0
0,22,8,0,0
0,22,9,0,0
0,22,10,0,0
0,22,11,0,0
0,22,12,0,0
0,22,13,0,0
0,22,14,0,0
0,22,15,-0.00028614,0.0182549
0,22,16,0,0
0,22,17,0,0
0,22,18,0,0
0,22,19,0,0
0,22,20,0.00078802,0.0132741
0,22,21,0,0
0,22,22,0.0026897,0.0585859
0,22,23,0.00162061,0.0344139
0,22,24,0,0
0,22,25,0,0
0,22,26,0.00259664,0.0259979
0,22,27,0,0
0,22,28,0.00299485,0.0155976
0,22,29,0.00324978,0.0136986
0,22,30,0,0
0,23,0,0,0
0,23,1,0,0
0,23,2,0,0
0,23,3,0,0
0,23,4,0,0
0,23,5,0,0
0,23,6,0,0
0,23,7,0,0
0,23,8,0,0
0,23,9,0,0
0,23,10,0,0
0,23,11,0,0
0,23,12,0,0
0,23,13,0,0
0,23,14,0,0
0,23,15,0,0
0,23,16,0,0
0,23,17,0,0
0,23,18,0,0
0,23,19,0,0
0,23,20,0,0
0,23,21,0,0
0,23,22,0.00149178,0.0367058
0,23,23,0,0
0,23,24,0,0
0,23,25,0,0
0,23,26,0,0
0,23,27,0,0
0,23,28,0,0
0,23,29,0,0
0,23,30,0,0
0,24,0,0,0
0,24,1,0,0
0,24,2,0,0
0,24,3,0,0
0,24,4,0,0
0,24,5,0,0
0,24,6,0,0
0,24,7,0,0
0,24,8,0,0
0,24,9,0,0
0,24,10,0,0
0,24,11,0,0
0,24,12,0,0
0,24,13,0,0
0,24,14,0,0
0,24,15,0,0
0,24,16,0,0
0,24,17,0,0
0,24,18,0,0
0,24,19,0,0
0,24,20,0,0
0,24,21,0,0
0,24,22,0,0
0,24,23,0,0
0,24,24,0,0
0,24,25,0,0
0,24,26,0,0
0,24,27,0,0
0,24,28,0,0
0,24,29,0,0
0,24,30,0,0
0,25,0,0,0
0,25,1,0,0
0,25,2,0,0
0,25,3,0,0
0,25,4,0,0
0,25,5,0,0
0,25,6,0,0
0,25,7,0,0
0,25,8,0,0
0,25,9,0,0
0,25,10,0,0
0,25,11,0,0
0,25,12,0,0
0,25,13,0,0
0,25,14,0,0
0,25,15,0,0
0,25,16,0,0
0,25,17,0,0
0,25,18,0,0
0,25,19,0,0
0,25,20,0,0
0,25,21,0,0
0,25,22,0,0
0,25,23,0,0
0,25,24,0,0
0,25,25,0,0
0,25,26,0,0
0,25,27,0,0
0,25,28,0,0
0,25,29,0,0
0,25,30,0,0
0,26,0,0,0
0,26,1,0,0
0,26,2,0,0
0,26,3,0,0
0,26,4,0,0
0,26,5,0,0
0,26,6,0,0
0,26,7,0,0
0,26,8,0,0
0,26,9,0,0
0,26,10,0,0
0,26,11,0,0
0,26,12,0,0
0,26,13,0,0
0,26,14,0,0
0,26,15,0,0
0,26,16,0,0
0,26,17,0,0
0,26,18,0,0
0,26,19,0,0
0,26,20,0,0
0,26,21,0,0
0,26,22,0,0
0,26,23,0,0
0,26,24,0,0
0,26,25,0,0
0,26,26,0,0
0,26,27,0,0
0,26,28,0,0
0,26,29,0,0
0,26,30,0,0
0,27,0,0,0
0,27,1,0,0
0,27,2,0,0
0,27,3,0,0
0,27,4,0,0
0,27,5,0,0
0,27,6,0,0
0,27,7,0,0
0,27,8,0,0
0,27,9,0,0
0,27,10,0,0
0,27,11,0,0
0,27,12,0,0
0,27,13,0,0
0,27,14,0,0
0,27,15,0,0
0,27,16,0,0
0,27,17,0,0
0,27,18,0,0
0,27,19,0,0
0,27,20,0,0
0,27,21,0,0
0,27,22,0,0
0,27,23,0,0
0,27,24,0,0
0,27,25,0,0
0,27,26,0,0
0,27,27,0,0
0,27,28,0,0
0,27,29,0,0
0,27,30,0,0
0,28,0,0,0
0,28,1,0,0
0,28,2,0,0
0,28,3,0,0
0,28,4,0,0
0,28,5,0,0
0,28,6,0,0
0,28,7,0,0
0,28,8,0,0
0,28,9,0,0
0,28,10,0,0
0,28,11,0,0
0,28,12,0,0
0,28,13,0,0
0,28,14,0,0
0,28,15,0,0
0,28,16,0,0
0,28,17,0,0
0,28,18,0,0
0,28,19,0,0
0,28,20,0,0
0,28,21,0,0
0,28,22,0,0
0,28,23,0,0
0,28,24,0,0
0,28,25,0,0
0,28,26,0,0
0,28,27,0,0
0,28,28,0,0
0,28,29,0,0
0,28,30,0,0
0,29,0,0,0
0,29,1,0,0
0,29,2,0,0
0,29,3,0,0
0,29,4,0,0
0,29,5,0,0
0,29,6,0,0
0,29,7,0,0
0,29,8,0,0
0,29,9,0,0
0,29,10,0,0
0,29,11,0,0
0,29,12,0,0
0,29,13,0,0
0,29,14,0,0
0,29,15,0,0
0,29,16,0,0
0,29,17,0,0
0,29,18,0,0
0,29,19,0,0
0,29,20,0,0
0,29,21,0,0
0,29,22,0,0
0,29,23,0,0
0,29,24,0,0
0,29,25,0,0
0,29,26,0,0
0,29,27,0,0
0,29,28,0,0
0,29,29,0,0
0,29,30,0,0
0,30,0,0,0
0,30,1,0,0
0,30,2,0,0
0,30,3,0,0
0,30,4,0,0
0,30,5,0,0
0,30,6,0,0
0,30,7,0,0
0,30,8,0,0
0,30,9,0,0
0,30,10,0,0
0,30,11,0,0
0,30,12,0,0
0,30,13,0,0
0,30,14,0,0
0,30,15,0,0
0,30,16,0,0
0,30,17,0,0
0,30,18,0,0
0,30,19,0,0
0,30,20,0,0
0,30,21,0,0
0,30,22,0,0
0,30,23,0,0
0,30,24,0,0
0,30,25,0,0
0,30,26,0,0
0,30,27,0,0
0,30,28,0,0
0,30,29,0,0
0,30,30,0,0
1,0,0,-0.0365825,-0.360553
1,0,1,-0.0124938,-0.143722
1,0,2,-0.0285833,-0.329602
1,0,3,-0.0244559,-0.275904
1,0,4,-0.0161415,-0.189958
1,0,5,-0.0206053,-0.263004
1,0,6,-0.0127676,-0.170452
1,0,7,-0.00947716,-0.162983
1,0,8,0,0
1,0,9,-0.00177506,-0.0264697
1,0,10,0,0
1,0,11,-0.00105093,-0.0340543
1,0,12,-0.00092584,-0.0309168
1,0,13,0,0
1,0,14,0,0
1,0,15,0,0
1,0,16,0,0
1,0,17,0.00078214,-0.0394344
1,0,18,0,0
1,0,19,0.000979307,-0.0431982
1,0,20,0,0
1,0,21,0.00284326,-0.0739485
1,0,22,0.0032161,-0.0850784
1,0,23,0,0
1,0,24,0.00451291,-0.0800059
1,0,25,0,0
1,0,26,0,0
1,0,27,0,0
1,0,28,0,0
1,0,29,0.00371133,-0.0433649
1,0,30,0,0
1,1,0,-0.0463836,-0.392985
1,1,1,-0.0433496,-0.442066
1,1,2,-0.0396085,-0.380334
1,1,3,-0.0358811,-0.413106
1,1,4,-0.0338688,-0.407819
1,1,5,-0.0305956,-0.416458
1,1,6,-0.0276995,-0.42161
1,1,7,-0.0244113,-0.413945
1,1,8,-0.0210279,-0.393427
1,1,9,-0.0157901,-0.366754
1,1,10,-0.0111608,-0.341579
1,1,11,-0.0104493,-0.367096
1,1,12,-0.00638546,-0.278858
1,1,13,-0.00212631,-0.126355
1,1,14,-0.00172371,-0.114334
1,1,15,-0.000815052,-0.0916259
1,1,16,0.000448472,-0.108665
1,1,17,0,0
1,1,18,0.0010798,-0.082421
1,1,19,0.00396215,-0.152549
1,1,20,0.00631869,-0.209235
1,1,21,0.00530677,-0.119527
1,1,22,0.0115606,-0.230137
1,1,23,0.00724252,-0.142637
1,1,24,0.00980917,-0.150409
1,1,25,0.0086917,-0.153199
1,1,26,0.00262432,-0.0410787
1,1,27,0,0
1,1,28,0.00649541,-0.0694794
1,1,29,0.0034537,-0.0463665
1,1,30,0,0
1,2,0,-0.0469419,-0.413053
1,2,1,-0.0419374,-0.390996
1,2,2,-0.0395271,-0.407488
1,2,3,-0.0366809,-0.397098
1,2,4,-0.033299,-0.426425
1,2,5,-0.0300876,-0.392611
1,2,6,-0.0274772,-0.393168
1,2,7,-0.0245926,-0.434506
1,2,8,-0.0212173,-0.366679
1,2,9,-0.0180719,-0.405195
1,2,10,-0.0148531,-0.382637
1,2,11,-0.0107656,-0.336255
1,2,12,-0.00876459,-0.279847
1,2,13,-0.00288107,-0.165588
1,2,14,-0.00200838,-0.175847
1,2,15,-0.000204072,-0.226688
1,2,16,0.000219661,-0.079685
1,2,17,0.00043744,-0.0430192
1,2,18,0.00237502,-0.173354
1,2,19,0.00194466,-0.0798738
1,2,20,0.00353978,-0.0910697
1,2,21,0.00140867,-0.0445315
1,2,22,0.00329617,-0.0632575
1,2,23,0.00880331,-0.146305
1,2,24,0.00590671,-0.106193
1,2,25,0.00234835,-0.0433276
1,2,26,0,0
1,2,27,0,0
1,2,28,0,0
1,2,29,0,0
1,2,30,0.00429176,-0.0401982
1,3,0,-0.045712,-0.375401
1,3,1,-0.0413976,-0.351266
1,3,2,-0.0392775,-0.398033
1,3,3,-0.0353112,-0.353565
1,3,4,-0.0326265,-0.367206
1,3,5,-0.0302289,-0.378126
1,3,6,-0.02837,-0.412153
1,3,7,-0.0239073,-0.332445
1,3,8,-0.0214053,-0.359849
1,3,9,-0.0182415,-0.340861
1,3,10,-0.0131675,-0.305416
1,3,11,-0.0116506,-0.356891
1,3,12,-0.00855132,-0.318779
1,3,13,-0.00452548,-0.256346
1,3,14,-0.0015893,-0.227193
1,3,15,-0.000967998,-0.250017
1,3,16,0.000602652,-0.0885882
1,3,17,0.0014579,-0.104033
1,3,18,0.00169994,-0.0688745
1,3,19,0.00179698,-0.067648
1,3,20,0.00448232,-0.108892
1,3,21,0.00409077,-0.0626623
1,3,22,0.00622355,-0.121535
1,3,23,0.00353942,-0.0566996
1,3,24,0.0095967,-0.137187
1,3,25,0.00512542,-0.0655288
1,3,26,0.00303901,-0.0178704
1,3,27,0.00351453,-0.0296271
1,3,28,0.00628011,-0.0630725
1,3,29,0.00366925,-0.0346391
1,3,30,0,0
1,4,0,-0.0455009,-0.321336
1,4,1,-0.0409605,-0.321077
1,4,2,-0.0381783,-0.377841
1,4,3,-0.0358138,-0.343976
1,4,4,-0.0332939,-0.341569
1,4,5,-0.0301177,-0.35938
1,4,6,-0.0276419,-0.337956
1,4,7,-0.0242622,-0.357581
1,4,8,-0.0195242,-0.308388
1,4,9,-0.0182444,-0.328625
1,4,10,-0.014402,-0.30749
1,4,11,-0.011456,-0.315069
1,4,12,-0.00738145,-0.296278
1,4,13,-0.00563613,-0.27359
1,4,14,-0.00203743,-0.136972
1,4,15,-0.00127918,-0.169668
1,4,16,0.000976154,-0.138355
1,4,17,0.00245673,-0.18353
1,4,18,0.00399305,-0.197647
1,4,19,0.00120285,-0.0406982
1,4,20,0.00274519,-0.0902872
1,4,21,0.00559584,-0.111829
1,4,22,0.00179728,-0.0409616
1,4,23,0.00385164,-0.0476956
1,4,24,0.00443856,-0.0502832
1,4,25,0,0
1,4,26,0.00273339,-0.0375811
1,4,27,0.00325141,-0.0335426
1,4,28,0,0
1,4,29,0,0
1,4,30,0,0
1,5,0,-0.0394511,-0.288764
1,5,1,-0.0287277,-0.226679
1,5,2,-0.0371339,-0.311825
1,5,3,-0.0334899,-0.299833
1,5,4,-0.0309715,-0.322652
1,5,5,-0.0291442,-0.309821
1,5,6,-0.0254441,-0.299338
1,5,7,-0.0224047,-0.291513
1,5,8,-0.019424,-0.31174
1,5,9,-0.0171797,-0.324015
1,5,10,-0.0151231,-0.327246
1,5,11,-0.0125212,-0.33255
1,5,12,-0.00755574,-0.2396
1,5,13,-0.00523689,-0.226342
1,5,14,-0.00306493,-0.243835
1,5,15,-0.000207482,-0.171113
1,5,16,0.0011614,-0.0678972
1,5,17,0.00189956,-0.103196
1,5,18,0.000455307,-0.0456982
1,5,19,0.00277547,-0.0628411
1,5,20,0.00239278,-0.0594465
1,5,21,0.00131245,-0.0332651
1,5,22,0.00372217,-0.0437583
1,5,23,0.00761161,-0.095427
1,5,24,0.0091209,-0.115083
1,5,25,0.00714815,-0.0628938
1,5,26,0.00323819,-0.0174945
1,5,27,0,0
1,5,28,0,0
1,5,29,0.00341368,-0.0379361
1,5,30,0.00377553,-0.0252699
1,6,0,-0.0392617,-0.287521
1,6,1,-0.0224056,-0.158918
1,6,2,-0.030759,-0.249287
1,6,3,-0.0346036,-0.297953
1,6,4,-0.0302339,-0.251442
1,6,5,-0.0280182,-0.285293
1,6,6,-0.0261768,-0.26128
1,6,7,-0.0235589,-0.254859
1,6,8,-0.0211957,-0.264381
1,6,9,-0.0182946,-0.293176
1,6,10,-0.0154139,-0.289246
1,6,11,-0.0119733,-0.254529
1,6,12,-0.00847787,-0.275601
1,6,13,-0.00457716,-0.227994
1,6,14,-0.00234746,-0.182891
1,6,15,-0.000910709,-0.178564
1,6,16,0.00101397,-0.155764
1,6,17,0.000579102,-0.0612062
1,6,18,0.00253503,-0.0772359
1,6,19,0.00425398,-0.100917
1,6,20,0.00137653,-0.0344118
1,6,21,0.00155917,-0.0197869
1,6,22,0.00293813,-0.0629586
1,6,23,0,0
1,6,24,0,0
1,6,25,0.00268905,-0.0297975
1,6,26,0,0
1,6,27,0.00650498,-0.0473171
1,6,28,0.00621721,-0.0602664
1,6,29,0,0
1,6,30,0,0
1,7,0,-0.0177905,-0.103134
1,7,1,-0.0218113,-0.155704
1,7,2,-0.0290904,-0.214524
1,7,3,-0.0298336,-0.224682
1,7,4,-0.0286405,-0.219316
1,7,5,-0.0300501,-0.255582
1,7,6,-0.0269697,-0.280893
1,7,7,-0.0206476,-0.216611
1,7,8,-0.0202317,-0.272055
1,7,9,-0.0191002,-0.280262
1,7,10,-0.0161036,-0.251786
1,7,11,-0.0110618,-0.220606
1,7,12,-0.00930099,-0.24548
1,7,13,-0.00586376,-0.203181
1,7,14,-0.00284834,-0.231031
1,7,15,-0.000752569,-0.195608
1,7,16,0.00129554,-0.225967
1,7,17,0.00264227,-0.17478
1,7,18,0.0033878,-0.103917
1,7,19,0.0020754,-0.046215
1,7,20,0.00414178,-0.0659278
1,7,21,0.00138349,-0.0220093
1,7,22,0.0032218,-0.047969
1,7,23,0,0
1,7,24,0.00213192,-0.0274475
1,7,25,0.00272936,-0.00934827
1,7,26,0,0
1,7,27,0,0
1,7,28,0.00331157,-0.0395793
1,7,29,0,0
1,7,30,0,0
1,8,0,-0.0325174,-0.178508
1,8,1,-0.0213232,-0.135644
1,8,2,-0.025835,-0.16664
1,8,3,-0.0328928,-0.201678
1,8,4,-0.026058,-0.167669
1,8,5,-0.0294839,-0.250114
1,8,6,-0.0272779,-0.189943
1,8,7,-0.0229469,-0.229397
1,8,8,-0.0218067,-0.227986
1,8,9,-0.0186264,-0.205928
1,8,10,-0.0154695,-0.1987
1,8,11,-0.0126188,-0.195411
1,8,12,-0.00941301,-0.195315
1,8,13,-0.00690837,-0.246352
1,8,14,-0.00359594,-0.21642
1,8,15,-0.000994148,-0.189673
1,8,16,0.00179515,-0.210157
1,8,17,0.00302604,-0.143467
1,8,18,0.00405434,-0.109475
1,8,19,0.00323156,-0.0889098
1,8,20,0.00106011,-0.0274874
1,8,21,0.00529035,-0.0620283
1,8,22,0.00519593,-0.0396505
1,8,23,0,0
1,8,24,0,0
1,8,25,0.00274976,-0.0157405
1,8,26,0,0
1,8,27,0,0
1,8,28,0,0
1,8,29,0.00368877,-0.0156981
1,8,30,0.00405694,-0.0129383
1,9,0,-0.0263268,-0.0998405
1,9,1,-0.0240454,-0.129161
1,9,2,-0.0190968,-0.112006
1,9,3,-0.0275246,-0.135722
1,9,4,-0.0302771,-0.193459
1,9,5,-0.0296597,-0.21024
1,9,6,-0.02576,-0.199304
1,9,7,-0.0232385,-0.163761
1,9,8,-0.0202623,-0.137736
1,9,9,-0.0194875,-0.210017
1,9,10,-0.0154107,-0.181903
1,9,11,-0.0117165,-0.186324
1,9,12,-0.00970907,-0.212491
1,9,13,-0.00618879,-0.209058
1,9,14,-0.00440354,-0.210595
1,9,15,-0.00116484,-0.184181
1,9,16,0.00225113,-0.157093
1,9,17,0.0043724,-0.169836
1,9,18,0.00680709,-0.14921
1,9,19,0.00718579,-0.135129
1,9,20,0.0117131,-0.119161
1,9,21,0.00665769,-0.0825949
1,9,22,0.00935594,-0.0904028
1,9,23,0.00718365,-0.0135214
1,9,24,0.00227704,-0.0148648
1,9,25,0.00252509,-0.0209991
1,9,26,0.0054151,-0.0463114
1,9,27,0.00535823,-0.0538799
1,9,28,0.00613693,-0.0476934
1,9,29,0,0
1,9,30,0.00774777,-0.0163118
1,10,0,-0.00759024,-0.042999
1,10,1,-0.00690457,-0.0303075
1,10,2,-0.0150484,-0.0788857
1,10,3,-0.0242242,-0.103533
1,10,4,-0.0259262,-0.15071
1,10,5,-0.0235806,-0.11617
1,10,6,-0.0236213,-0.134853
1,10,7,-0.023641,-0.132036
1,10,8,-0.0212871,-0.161548
1,10,9,-0.0187884,-0.156923
1,10,10,-0.0158421,-0.161317
1,10,11,-0.0121341,-0.118852
1,10,12,-0.00932399,-0.159951
1,10,13,-0.00693612,-0.173493
1,10,14,-0.00485705,-0.194124
1,10,15,-0.00134501,-0.14102
1,10,16,0.00249785,-0.174635
1,10,17,0.00348866,-0.152424
1,10,18,0.00656699,-0.177758
1,10,19,0.00933437,-0.141935
1,10,20,0.00590222,-0.093618
1,10,21,0.00795545,-0.067754
1,10,22,0.00865335,-0.106133
1,10,23,0.00733551,-0.0772347
1,10,24,0.0045109,-0.0213637
1,10,25,0.00264533,-0.0284531
1,10,26,0.00794458,-0.047292
1,10,27,0.00544133,-0.037687
1,10,28,0.0113352,-0.057247
1,10,29,0.00682648,-0.0519501
1,10,30,0.00437272,-0.0152269
1,11,0,-0.0175894,-0.0569949
1,11,1,0,0
1,11,2,-0.0153837,-0.0505751
1,11,3,-0.0109642,-0.0452351
1,11,4,-0.0174403,-0.0589364
1,11,5,-0.0183637,-0.103792
1,11,6,-0.0216031,-0.131157
1,11,7,-0.0228705,-0.11567
1,11,8,-0.0202236,-0.139127
1,11,9,-0.0162604,-0.124645
1,11,10,-0.0152847,-0.131801
1,11,11,-0.0128542,-0.133819
1,11,12,-0.00994436,-0.133746
1,11,13,-0.00788867,-0.11609
1,11,14,-0.00405582,-0.120904
1,11,15,-0.000886062,-0.136747
1,11,16,0.00130284,-0.174492
1,11,17,0.00477049,-0.12706
1,11,18,0.00742442,-0.146357
1,11,19,0.00922654,-0.131234
1,11,20,0.0127566,-0.158871
1,11,21,0.0147518,-0.164475
1,11,22,0.0183962,-0.146256
1,11,23,0.0198877,-0.151885
1,11,24,0.0170676,-0.0914455
1,11,25,0.0226849,-0.114243
1,11,26,0.0222441,-0.104858
1,11,27,0.0219253,-0.0912324
1,11,28,0.0159932,-0.055682
1,11,29,0.0122681,-0.0402076
1,11,30,0.0168288,-0.0717959
1,12,0,-0.0295086,-0.106183
1,12,1,-0.00984589,-0.0339163
1,12,2,-0.0152026,-0.0477519
1,12,3,-0.0199951,-0.0818821
1,12,4,-0.0245224,-0.116722
1,12,5,-0.0209493,-0.102265
1,12,6,-0.0210581,-0.104323
1,12,7,-0.0214251,-0.101572
1,12,8,-0.0182785,-0.0893087
1,12,9,-0.0180618,-0.118598
1,12,10,-0.0151857,-0.0818472
1,12,11,-0.0113735,-0.0577515
1,12,12,-0.00921809,-0.140543
1,12,13,-0.00697667,-0.0982651
1,12,14,-0.00368063,-0.110839
1,12,15,-0.00123104,-0.133858
1,12,16,0.0022288,-0.122405
1,12,17,0.00473562,-0.113628
1,12,18,0.00727263,-0.0893523
1,12,19,0.0104797,-0.0958556
1,12,20,0.0148326,-0.100397
1,12,21,0.016898,-0.113074
1,12,22,0.020156,-0.0825232
1,12,23,0.0229236,-0.096074
1,12,24,0.0259829,-0.100199
1,12,25,0.028682,-0.0731995
1,12,26,0.0321946,-0.124525
1,12,27,0.030312,-0.128469
1,12,28,0.0354664,-0.047571
1,12,29,0.0152223,-0.0414203
1,12,30,0.0316724,-0.0757991
1,13,0,-0.00779169,-0.0233533
1,13,1,0,0
1,13,2,0,0
1,13,3,-0.00636884,-0.0135914
1,13,4,-0.00806077,-0.00104568
1,13,5,-0.0146362,-0.0467034
1,13,6,-0.0131916,-0.0480062
1,13,7,-0.0154537,-0.0642509
1,13,8,-0.0120382,-0.0542135
1,13,9,-0.0125525,-0.0805345
1,13,10,-0.0121353,-0.0594308
1,13,11,-0.0110078,-0.08011
1,13,12,-0.00893528,-0.0799489
1,13,13,-0.00581922,-0.083651
1,13,14,-0.00343408,-0.0738785
1,13,15,-0.00130965,-0.0811192
1,13,16,0.0021579,-0.030838
1,13,17,0.00540063,-0.0645951
1,13,18,0.00847396,-0.0828125
1,13,19,0.0102222,-0.0757919
1,13,20,0.0137302,-0.0913693
1,13,21,0.0164077,-0.0798645
1,13,22,0.0186602,-0.0875566
1,13,23,0.0223414,-0.0487182
1,13,24,0.0216475,-0.0510447
1,13,25,0.0272142,-0.070174
1,13,26,0.0280825,-0.0291798
1,13,27,0.0300554,-0.0826109
1,13,28,0.0250459,-0.0929749
1,13,29,0.0232907,-0.0735837
1,13,30,0.0275696,-0.0629134
1,14,0,0,0
1,14,1,-0.00351879,-0.013773
1,14,2,-0.00334941,0.00626693
1,14,3,-0.00597987,-0.0105285
1,14,4,-0.00313308,-0.00441813
1,14,5,-0.00698666,0.0127118
1,14,6,-0.00459159,-0.0185612
1,14,7,-0.00709978,-0.0341482
1,14,8,-0.00542581,-0.0106669
1,14,9,-0.00665002,0.00333416
1,14,10,-0.00886556,-0.010913
1,14,11,-0.00983409,-0.0346016
1,14,12,-0.00691682,-0.0357172
1,14,13,-0.00495652,-0.0382919
1,14,14,-0.00239981,-0.0510895
1,14,15,-0.00089307,-0.0706955
1,14,16,0.00229543,-0.0462241
1,14,17,0.00423154,-0.0162847
1,14,18,0.00741804,-0.057422
1,14,19,0.0113148,-0.053319
1,14,20,0.0143032,-0.0427912
1,14,21,0.0170449,-0.0439862
1,14,22,0.0194473,-0.0349991
1,14,23,0.0225341,-0.0472591
1,14,24,0.0257113,-0.0779788
1,14,25,0.0283796,-0.043283
1,14,26,0.0304278,-0.117036
1,14,27,0.0313685,-0.0468079
1,14,28,0.0283366,-0.0159024
1,14,29,0.0319328,-0.0147827
1,14,30,0.0330972,-0.00535496
1,15,0,0,0
1,15,1,0,0
1,15,2,-0.0037363,-0.0130216
1,15,3,-0.00286479,-0.0134371
1,15,4,-0.00272875,0.010343
1,15,5,-0.00538627,-0.00737842
1,15,6,-0.00264209,-0.0002242
1,15,7,-0.00621938,-0.00989263
1,15,8,0,0
1,15,9,-0.00324765,-0.011075
1,15,10,-0.00481017,-0.000284995
1,15,11,-0.00165425,0.00176495
1,15,12,-0.00545633,-0.0368693
1,15,13,-0.0032448,0.0217981
1,15,14,-0.0011113,0.0285048
1,15,15,-0.00021361,0.00649526
1,15,16,0.00126789,0.000864431
1,15,17,0.00139243,-0.0203765
1,15,18,0.00619884,-0.0212958
1,15,19,0.00775043,-0.0155203
1,15,20,0.0127467,-0.0105341
1,15,21,0.0154068,0.0378279
1,15,22,0.0193807,0.0119625
1,15,23,0.0209363,-0.0314659
1,15,24,0.0193949,-0.0319867
1,15,25,0.0248913,0.00393157
1,15,26,0.0296587,-0.0252945
1,15,27,0.0286617,0.0142998
1,15,28,0.0166731,0.0120916
1,15,29,0.0201916,-0.00410802
1,15,30,0.0381035,-0.0287757
1,16,0,0,0
1,16,1,0,0
1,16,2,0,0
1,16,3,0,0
1,16,4,0,0
1,16,5,0,0
1,16,6,0,0
1,16,7,-0.00926261,0.026666
1,16,8,-0.00184411,0.000331133
1,16,9,-0.00442834,0.00521677
1,16,10,-0.00550109,0.0280019
1,16,11,0,0
1,16,12,-0.00317911,0.0120466
1,16,13,-0.00289186,0.0255451
1,16,14,-0.000459789,-0.0182364
1,16,15,-7.21397e-05,0.0120088
1,16,16,0.000970035,0.0337987
1,16,17,0.000743495,0.00472648
1,16,18,0.0026856,0.031465
1,16,19,0.00304182,-0.000897887
1,16,20,0.00688737,0.0510342
1,16,21,0.00527899,0.0333377
1,16,22,0.00849451,0.0467819
1,16,23,0.00753743,0.00756618
1,16,24,0.00616761,0.0238012
1,16,25,0.0109923,-0.0051683
1,16,26,0.0104215,0.0425507
1,16,27,0.0028284,-0.0135621
1,16,28,0.00641107,-0.00279493
1,16,29,0,0
1,16,30,0.0172382,0.022754
1,17,0,0,0
1,17,1,0,0
1,17,2,-0.00365634,0.0030958
1,17,3,0,0
1,17,4,-0.00299287,0.0017374
1,17,5,0,0
1,17,6,0,0
1,17,7,-0.00222753,0.00173333
1,17,8,-0.00496559,-0.00577622
1,17,9,-0.00152827,0.0227251
1,17,10,-0.00326574,0.0243873
1,17,11,-0.00490578,0.0240944
1,17,12,-0.00165683,0.0251827
1,17,13,-0.000704427,0.0127473
1,17,14,-0.00135504,0.0439069
1,17,15,-2.98371e-05,0.0372607
1,17,16,0.000755571,0.0354231
1,17,17,0.00221428,0.0537675
1,17,18,0,0
1,17,19,0.00207899,0.0240573
1,17,20,0.00522171,0.042155
1,17,21,0,0
1,17,22,0.00301051,0.0101656
1,17,23,0.00212877,0.0131253
1,17,24,0.00572298,0.0237273
1,17,25,0.00919051,0.0471858
1,17,26,0.00260843,0.0013016
1,17,27,0.00784025,0.0184915
1,17,28,0.00369283,-0.00641707
1,17,29,0,0
1,17,30,0.00440779,0.00223867
1,18,0,0,0
1,18,1,0,0
1,18,2,0,0
1,18,3,0,0
1,18,4,0,0
1,18,5,0,0
1,18,6,0,0
1,18,7,-0.00638469,0.0274089
1,18,8,-0.00169409,0.0140421
1,18,9,-0.00182034,0.0123187
1,18,10,-0.00790916,0.0934514
1,18,11,-0.000854933,0.0193304
1,18,12,-0.000794853,0.0058592
1,18,13,-0.00154728,0.0452213
1,18,14,-0.00055824,0.0105523
1,18,15,6.41333e-05,0.0239253
1,18,16,0.000191413,0.0142048
1,18,17,0.00063217,0.0222773
1,18,18,0.00283381,0.0843852
1,18,19,0.00411836,0.0616602
1,18,20,0.00362909,0.0449522
1,18,21,0.00521766,0.0499217
1,18,22,0.00172213,0.0123891
1,18,23,0.0114936,0.0976129
1,18,24,0.0107133,0.0921177
1,18,25,0.0119183,0.0851159
1,18,26,0.00940524,0.0244989
1,18,27,0.0100001,0.0554054
1,18,28,0.00632108,0.018791
1,18,29,0.00715235,0.0149767
1,18,30,0.0114439,0.0327495
1,19,0,0,0
1,19,1,0,0
1,19,2,0,0
1,19,3,0,0
1,19,4,-0.0032268,0.0291893
1,19,5,0,0
1,19,6,-0.00229539,0.0345807
1,19,7,-0.00238921,0.0216571
1,19,8,-0.00314863,0.0469591
1,19,9,-0.00292351,0.0283347
1,19,10,-0.00269304,0.0540268
1,19,11,-0.00184929,0.0190394
1,19,12,-0.00216055,0.0280901
1,19,13,-0.00060362,0.0179974
1,19,14,-5.28533e-05,0.0103821
1,19,15,-0.000540134,0.0650308
1,19,16,0.000371147,0.0321995
1,19,17,0.0015244,0.0540167
1,19,18,0.00177394,0.0754251
1,19,19,0.00334134,0.0908823
1,19,20,0.00247966,0.0379212
1,19,21,0.00519651,0.0864322
1,19,22,0.00668288,0.091753
1,19,23,0.00579523,0.0430155
1,19,24,0.0119309,0.096131
1,19,25,0.0134412,0.105533
1,19,26,0.0167886,0.151097
1,19,27,0.00825852,0.0671565
1,19,28,0.0138936,0.0816156
1,19,29,0.0170387,0.0773557
1,19,30,0.0207735,0.0936506
1,20,0,0,0
1,20,1,0,0
1,20,2,0,0
1,20,3,0,0
1,20,4,0,0
1,20,5,0,0
1,20,6,0,0
1,20,7,-0.00190566,0.0150219
1,20,8,0,0
1,20,9,-0.00178293,0.0271429
1,20,10,-0.00351552,0.0486392
1,20,11,0,0
1,20,12,-0.00239063,0.0767317
1,20,13,-0.00159189,0.0540275
1,20,14,-0.00121206,0.0989346
1,20,15,0.000207911,0.0998351
1,20,16,0.000220991,0.0484642
1,20,17,0.00270873,0.118783
1,20,18,0,0
1,20,19,0.00345408,0.0647127
1,20,20,0.00692111,0.118465
1,20,21,0.00995863,0.134805
1,20,22,0.0136521,0.17235
1,20,23,0.0113524,0.139052
1,20,24,0.0116667,0.0942608
1,20,25,0.0106973,0.0782017
1,20,26,0.0131681,0.0843412
1,20,27,0.0202959,0.138963
1,20,28,0.0214573,0.111969
1,20,29,0.0149646,0.102563
1,20,30,0.0291193,0.193907
1,21,0,0,0
1,21,1,0,0
1,21,2,0,0
1,21,3,0,0
1,21,4,0,0
1,21,5,0,0
1,21,6,0,0
1,21,7,-0.00456772,0.0375035
1,21,8,0,0
1,21,9,-0.00180522,0.0192485
1,21,10,-0.00135213,0.0344128
1,21,11,-0.00161065,0.0352469
1,21,12,0,0
1,21,13,0,0
1,21,14,-0.000328133,0.0373531
1,21,15,0,0
1,21,16,2.86933e-05,0.0192917
1,21,17,0.00122765,0.0425482
1,21,18,0.00138078,0.0234188
1,21,19,0.0025493,0.0727082
1,21,20,0.00289803,0.0797698
1,21,21,0.00725337,0.103074
1,21,22,0.00602213,0.0449578
1,21,23,0.014247,0.181048
1,21,24,0.0108557,0.157582
1,21,25,0.0146492,0.152441
1,21,26,0.0165326,0.153089
1,21,27,0.0136414,0.107678
1,21,28,0.0217668,0.146899
1,21,29,0.0231356,0.171319
1,21,30,0.0371195,0.156166
1,22,0,0,0
1,22,1,0,0
1,22,2,0,0
1,22,3,0,0
1,22,4,-0.00292966,0.0340341
1,22,5,0,0
1,22,6,-0.00215342,0.0372995
1,22,7,-0.00191582,0.0344189
1,22,8,-0.00195593,0.0250051
1,22,9,-0.00169984,0.0347099
1,22,10,-0.00146136,0.0326957
1,22,11,-0.00133389,0.0243601
1,22,12,-0.00141359,0.0540757
1,22,13,-0.00106717,0.0379392
1,22,14,0,0
1,22,15,0,0
1,22,16,0.00039984,0.0277763
1,22,17,0,0
1,22,18,0.00262024,0.0669102
1,22,19,0,0
1,22,20,0.00425015,0.083879
1,22,21,0.007813,0.141466
1,22,22,0.00379159,0.0610766
1,22,23,0.00549093,0.0619941
1,22,24,0.00839825,0.150076
1,22,25,0.017535,0.20786
1,22,26,0.014841,0.162055
1,22,27,0.0153658,0.137389
1,22,28,0.0185056,0.17804
1,22,29,0.0131519,0.1068
1,22,30,0.0336726,0.2159
1,23,0,0,0
1,23,1,0,0
1,23,2,0,0
1,23,3,0,0
1,23,4,0,0
1,23,5,0,0
1,23,6,0,0
1,23,7,0,0
1,23,8,0,0
1,23,9,0,0
1,23,10,-0.00142515,0.0366962
1,23,11,0,0
1,23,12,-0.000751873,0.0352109
1,23,13,-0.00100498,0.0498079
1,23,14,-4.72267e-05,0.0236264
1,23,15,0,0
1,23,16,0,0
1,23,17,0.000560313,0.0262447
1,23,18,0.00052266,0.0229794
1,23,19,0,0
1,23,20,0.00796005,0.159805
1,23,21,0.00332587,0.0742263
1,23,22,0.00849989,0.110797
1,23,23,0.00784125,0.132907
1,23,24,0.00829214,0.11028
1,23,25,0.0111798,0.126255
1,23,26,0.018813,0.204603
1,23,27,0.0170177,0.166674
1,23,28,0.0144932,0.133575
1,23,29,0.024228,0.184327
1,23,30,0.0297855,0.204552
1,24,0,0,0
1,24,1,0,0
1,24,2,0,0
1,24,3,0,0
1,24,4,0,0
1,24,5,0,0
1,24,6,0,0
1,24,7,0,0
1,24,8,0,0
1,24,9,0,0
1,24,10,0,0
1,24,11,-0.00114768,0.0457387
1,24,12,0,0
1,24,13,0,0
1,24,14,0,0
1,24,15,0,0
1,24,16,0,0
1,24,17,0.000243573,0.0215205
1,24,18,0,0
1,24,19,0.00129624,0.0309419
1,24,20,0.00161661,0.0288879
1,24,21,0.00180043,0.0363707
1,24,22,0.00163895,0.0319695
1,24,23,0.00453936,0.0851718
1,24,24,0.00679829,0.104531
1,24,25,0.014861,0.147075
1,24,26,0.0102185,0.0988358
1,24,27,0.0156124,0.138711
1,24,28,0.00705092,0.0628776
1,24,29,0.0133581,0.0982487
1,24,30,0.0142048,0.121433
1,25,0,0,0
1,25,1,0,0
1,25,2,0,0
1,25,3,0,0
1,25,4,0,0
1,25,5,0,0
1,25,6,0,0
1,25,7,0,0
1,25,8,0,0
1,25,9,-0.00146179,0.0597365
1,25,10,-0.00118309,0.0550064
1,25,11,0,0
1,25,12,0,0
1,25,13,0,0
1,25,14,0,0
1,25,15,0,0
1,25,16,0,0
1,25,17,0,0
1,25,18,0,0
1,25,19,0,0
1,25,20,0,0
1,25,21,0,0
1,25,22,0.00394735,0.0699413
1,25,23,0.00220728,0.0222259
1,25,24,0,0
1,25,25,0.00241501,0.0308451
1,25,26,0.00302312,0.0287544
1,25,27,0.00886759,0.0733268
1,25,28,0.00946278,0.0897855
1,25,29,0.00392262,0.0290387
1,25,30,0.0043584,0.0401168
1,26,0,0,0
1,26,1,0,0
1,26,2,0,0
1,26,3,0,0
1,26,4,0,0
1,26,5,0,0
1,26,6,0,0
1,26,7,0,0
1,26,8,0,0
1,26,9,0,0
1,26,10,0,0
1,26,11,0,0
1,26,12,0,0
1,26,13,0,0
1,26,14,0,0
1,26,15,0,0
1,26,16,0,0
1,26,17,0,0
1,26,18,0,0
1,26,19,0,0
1,26,20,0,0
1,26,21,0,0
1,26,22,0,0
1,26,23,0,0
1,26,24,0,0
1,26,25,0,0
1,26,26,0,0
1,26,27,0,0
1,26,28,0,0
1,26,29,0,0
1,26,30,0,0
1,27,0,0,0
1,27,1,0,0
1,27,2,0,0
1,27,3,0,0
1,27,4,0,0
1,27,5,0,0
1,27,6,0,0
1,27,7,0,0
1,27,8,0,0
1,27,9,0,0
1,27,10,0,0
1,27,11,0,0
1,27,12,0,0
1,27,13,0,0
1,27,14,0,0
1,27,15,0,0
1,27,16,0,0
1,27,17,0,0
1,27,18,0,0
1,27,19,0,0
1,27,20,0,0
1,27,21,0,0
1,27,22,0,0
1,27,23,0,0
1,27,24,0,0
1,27,25,0,0
1,27,26,0,0
1,27,27,0,0
1,27,28,0,0
1,27,29,0,0
1,27,30,0,0
1,28,0,0,0
1,28,1,0,0
1,28,2,0,0
1,28,3,0,0
1,28,4,0,0
1,28,5,0,0
1,28,6,0,0
1,28,7,0,0
1,28,8,0,0
1,28,9,0,0
1,28,10,0,0
1,28,11,0,0
1,28,12,0,0
1,28,13,0,0
1,28,14,0,0
1,28,15,0,0
1,28,16,0,0
1,28,17,0,0
1,28,18,0,0
1,28,19,0,0
1,28,20,0,0
1,28,21,0,0
1,28,22,0,0
1,28,23,0,0
1,28,24,0,0
1,28,25,0,0
1,28,26,0,0
1,28,27,0,0
1,28,28,0,0
1,28,29,0,0
1,28,30,0,0
1,29,0,0,0
1,29,1,0,0
1,29,2,0,0
1,29,3,0,0
1,29,4,0,0
1,29,5,0,0
1,29,6,0,0
1,29,7,0,0
1,29,8,0,0
1,29,9,0,0
1,29,10,0,0
1,29,11,0,0
1,29,12,0,0
1,29,13,0,0
1,29,14,0,0
1,29,15,0,0
1,29,16,0,0
1,29,17,0,0
1,29,18,0,0
1,29,19,0,0
1,29,20,0,0
1,29,21,0,0
1,29,22,0,0
1,29,23,0,0
1,29,24,0,0
1,29,25,0,0
1,29,26,0,0
1,29,27,0,0
1,29,28,0,0
1,29,29,0,0
1,29,30,0,0
1,30,0,0,0
1,30,1,0,0
1,30,2,0,0
1,30,3,0,0
1,30,4,0,0
1,30,5,0,0
1,30,6,0,0
1,30,7,0,0
1,30,8,0,0
1,30,9,0,0
1,30,10,0,0
1,30,11,0,0
1,30,12,0,0
1,30,13,0,0
1,30,14,0,0
1,30,15,0,0
1,30,16,0,0
1,30,17,0,0
1,30,18,0,0
1,30,19,0,0
1,30,20,0,0
1,30,21,0,0
1,30,22,0,0
1,30,23,0,0
1,30,24,0,0
1,30,25,0,0
1,30,26,0,0
1,30,27,0,0
1,30,28,0,0
1,30,29,0,0
1,30,30,0,0
2,0,0,-0.00344845,-0.0385315
2,0,1,-0.00327551,-0.0272313
2,0,2,-0.00559573,-0.061044
2,0,3,-0.00753392,-0.134575
2,0,4,-0.00262276,-0.0388632
2,0,5,0,0
2,0,6,-0.00394321,-0.071509
2,0,7,-0.00303918,-0.0544754
2,0,8,0,0
2,0,9,-0.0011821,-0.0348774
2,0,10,0,0
2,0,11,0,0
2,0,12,0,0
2,0,13,0,0
2,0,14,0,0
2,0,15,0,0
2,0,16,0,0
2,0,17,0,0
2,0,18,0,0
2,0,19,0,0
2,0,20,0,0
2,0,21,0,0
2,0,22,0,0
2,0,23,0.0024299,-0.0393439
2,0,24,0.0030555,-0.0350299
2,0,25,0,0
2,0,26,0,0
2,0,27,0,0
2,0,28,0,0
2,0,29,0,0
2,0,30,1e-06,-0.0255313
2,1,0,-0.02919,-0.344034
2,1,1,-0.0212771,-0.319509
2,1,2,-0.0247636,-0.291549
2,1,3,-0.0210194,-0.327198
2,1,4,-0.0183825,-0.355757
2,1,5,-0.0166618,-0.325391
2,1,6,-0.0179516,-0.341628
2,1,7,-0.0134568,-0.300172
2,1,8,-0.0106969,-0.324817
2,1,9,-0.00935514,-0.321849
2,1,10,-0.00287512,-0.157971
2,1,11,-0.00176201,-0.173446
2,1,12,-0.00162197,-0.243091
2,1,13,-4.52564e-05,-0.134929
2,1,14,0,0
2,1,15,0.00061752,-0.0182334
2,1,16,0.00077928,-0.0379746
2,1,17,0.00121513,-0.00368387
2,1,18,0.00136963,-0.0263005
2,1,19,0.00195014,-0.0176251
2,1,20,1.91e-06,-0.0544344
2,1,21,0.0036714,-0.0432947
2,1,22,0,0
2,1,23,0.0070499,-0.079488
2,1,24,1.91e-06,-0.0567941
2,1,25,0.00338238,-0.111452
2,1,26,0.00374105,-0.0622108
2,1,27,0.00695808,-0.0550995
2,1,28,0.00722521,-0.0652233
2,1,29,0,0
2,1,30,0.00465142,-0.0394546
2,2,0,-0.0281477,-0.337767
2,2,1,-0.0140135,-0.22836
2,2,2,-0.018277,-0.287342
2,2,3,-0.0220698,-0.331204
2,2,4,-0.0204991,-0.323528
2,2,5,-0.0181053,-0.307228
2,2,6,-0.0175228,-0.317349
2,2,7,-0.0145368,-0.348545
2,2,8,-0.0127674,-0.327809
2,2,9,-0.00785083,-0.227227
2,2,10,-0.00516435,-0.229764
2,2,11,-0.00296732,-0.196316
2,2,12,-0.000437855,-0.106739
2,2,13,0.000258794,-0.165117
2,2,14,0.000543797,-0.0907163
2,2,15,0.00121126,-0.0662821
2,2,16,0,0
2,2,17,0.00114365,-0.0110826
2,2,18,0,0
2,2,19,0,0
2,2,20,0.00509396,-0.115233
2,2,21,0,0
2,2,22,0,0
2,2,23,0,0
2,2,24,0,0
2,2,25,0.00344633,-0.0263178
2,2,26,0,0
2,2,27,0.00409275,-0.0350315
2,2,28,0,0
2,2,29,0,0
2,2,30,0,0
2,3,0,-0.0123288,-0.212974
2,3,1,-0.0102086,-0.102331
2,3,2,-0.0214683,-0.247378
2,3,3,-0.0184736,-0.261326
2,3,4,-0.0201889,-0.294822
2,3,5,-0.0201295,-0.273963
2,3,6,-0.0136076,-0.270508
2,3,7,-0.01373,-0.296337
2,3,8,-0.0121414,-0.264988
2,3,9,-0.00917516,-0.264145
2,3,10,-0.0058421,-0.230541
2,3,11,-0.00295197,-0.202781
2,3,12,-0.00179391,-0.14317
2,3,13,-0.000210129,-0.129793
2,3,14,9.17027e-05,-0.0541286
2,3,15,0.00156857,-0.101106
2,3,16,0.000659973,-0.0207525
2,3,17,0.00193017,-0.0569944
2,3,18,0.00145856,-0.0196891
2,3,19,0.00252319,-0.0683939
2,3,20,0.00518599,-0.0841972
2,3,21,0.00181773,-0.0324977
2,3,22,0.00833388,-0.0996564
2,3,23,0.00672191,-0.0931321
2,3,24,0.00548984,-0.0540649
2,3,25,0.00617495,-0.0781633
2,3,26,0.00575028,-0.0801904
2,3,27,0.00350681,-0.0392348
2,3,28,0.00404557,-0.0198271
2,3,29,0,0
2,3,30,0,0
2,4,0,-0.0174119,-0.122098
2,4,1,-0.0174194,-0.176468
2,4,2,-0.0191166,-0.193062
2,4,3,-0.0216552,-0.221744
2,4,4,-0.0155083,-0.212973
2,4,5,-0.0167152,-0.255573
2,4,6,-0.0144648,-0.221861
2,4,7,-0.0124643,-0.250515
2,4,8,-0.00948995,-0.20281
2,4,9,-0.00862906,-0.197559
2,4,10,-0.00366729,-0.167111
2,4,11,-0.00505778,-0.243235
2,4,12,-0.00214575,-0.198734
2,4,13,0.0002733,-0.158636
2,4,14,0.000564344,-0.117936
2,4,15,0.00153101,-0.0681523
2,4,16,0.00147246,-0.0444289
2,4,17,0.0019774,-0.0659174
2,4,18,0.00127757,-0.0190436
2,4,19,0.00296792,-0.0413319
2,4,20,0.00328231,-0.04763
2,4,21,0.00194623,-0.0336888
2,4,22,0.00240821,-0.0273199
2,4,23,0.00510109,-0.0538424
2,4,24,0.00242434,-0.0494686
2,4,25,0,0
2,4,26,0.00345653,-0.0260211
2,4,27,0.00374587,-0.0223735
2,4,28,0,0
2,4,29,0.00403858,-0.0386465
2,4,30,0,0
2,5,0,-0.0147253,-0.131021
2,5,1,-0.0120035,-0.142407
2,5,2,-0.0158455,-0.145937
2,5,3,-0.0111725,-0.0719427
2,5,4,-0.0136711,-0.175115
2,5,5,-0.0155171,-0.179127
2,5,6,-0.0146909,-0.206771
2,5,7,-0.00956729,-0.140909
2,5,8,-0.00775576,-0.191283
2,5,9,-0.00967293,-0.214428
2,5,10,-0.00538353,-0.157622
2,5,11,-0.00326621,-0.162132
2,5,12,-0.00177631,-0.172624
2,5,13,0.000408074,-0.0574463
2,5,14,1.91e-06,-0.0430651
2,5,15,0.00242123,-0.116827
2,5,16,0.00306609,-0.0894979
2,5,17,0.0029542,-0.0459571
2,5,18,0.00232918,-0.0292201
2,5,19,0.00154392,-0.0122439
2,5,20,0.00187387,-0.0337674
2,5,21,0,0
2,5,22,0,0
2,5,23,0.00271669,-0.0222929
2,5,24,0.00289906,-0.0366999
2,5,25,0.00309281,-0.0166944
2,5,26,0.00343038,-0.0219039
2,5,27,0,0
2,5,28,0.00408299,-0.0218325
2,5,29,1e-06,-0.00442533
2,5,30,0,0
2,6,0,-0.0119565,-0.0834106
2,6,1,-0.00337828,-0.0310919
2,6,2,-0.00984525,-0.0746096
2,6,3,-0.0111003,-0.0786291
2,6,4,-0.0126426,-0.158579
2,6,5,-0.014975,-0.190229
2,6,6,-0.0163252,-0.176192
2,6,7,-0.00739343,-0.159764
2,6,8,-0.00910398,-0.185094
2,6,9,-0.00986535,-0.191286
2,6,10,-0.00650345,-0.140554
2,6,11,-0.00315483,-0.162282
2,6,12,-0.00172116,-0.133934
2,6,13,-6.87073e-05,-0.0847525
2,6,14,0.00130284,-0.163274
2,6,15,0.00241961,-0.0824711
2,6,16,0.00376433,-0.0839265
2,6,17,0.00244409,-0.0861278
2,6,18,0.00264446,-0.0483923
2,6,19,0,0
2,6,20,0.00183568,-0.0100139
2,6,21,0.00372114,-0.083017
2,6,22,0,0
2,6,23,0,0
2,6,24,0,0
2,6,25,0.00908524,-0.0533473
2,6,26,0,0
2,6,27,0,0
2,6,28,0.00408459,-0.0128086
2,6,29,0.00408115,-0.0541741
2,6,30,0,0
2,7,0,-0.0149289,-0.063339
2,7,1,-0.00573292,-0.0664918
2,7,2,-0.00681122,-0.0384623
2,7,3,-0.0179839,-0.108123
2,7,4,-0.00656661,-0.0222996
2,7,5,-0.015569,-0.146571
2,7,6,-0.00685065,-0.125467
2,7,7,-0.011517,-0.144961
2,7,8,-0.0117118,-0.135936
2,7,9,-0.00857146,-0.181186
2,7,10,-0.00681311,-0.182055
2,7,11,-0.00452274,-0.180492
2,7,12,-0.00217611,-0.128937
2,7,13,0.000419086,-0.11949
2,7,14,0.00204424,-0.128315
2,7,15,0.00273797,-0.108086
2,7,16,0.00390271,-0.114951
2,7,17,0.00352664,-0.0708827
2,7,18,0.00367258,-0.0806931
2,7,19,0.00634414,-0.0841697
2,7,20,0.00301366,-0.050166
2,7,21,0.00189389,-0.0301195
2,7,22,0,0
2,7,23,1e-06,6.34667e-05
2,7,24,0,0
2,7,25,1e-06,-0.0142338
2,7,26,0,0
2,7,27,0,0
2,7,28,0,0
2,7,29,0,0
2,7,30,0,0
2,8,0,-0.0093503,-0.0686261
2,8,1,-0.00885901,-0.0338236
2,8,2,-0.0101757,-0.0584465
2,8,3,-0.013058,-0.069014
2,8,4,-0.0192066,-0.133286
2,8,5,-0.0128555,-0.114351
2,8,6,-0.0131083,-0.109015
2,8,7,-0.0132796,-0.105439
2,8,8,-0.0113949,-0.1256
2,8,9,-0.00910856,-0.110148
2,8,10,-0.00659574,-0.154077
2,8,11,-0.00473646,-0.149227
2,8,12,-0.00123436,-0.0899035
2,8,13,-0.000483658,-0.0973618
2,8,14,0.00161813,-0.165875
2,8,15,0.0030678,-0.10918
2,8,16,0.0043578,-0.0951562
2,8,17,0.00360317,-0.0559988
2,8,18,0.0011547,-0.0141556
2,8,19,0.00275563,-0.033372
2,8,20,0.00304994,-0.0454138
2,8,21,0.00559032,-0.0485173
2,8,22,1e-06,-0.00264693
2,8,23,0,0
2,8,24,0.00268787,-0.010688
2,8,25,0.00298368,-0.012744
2,8,26,0,0
2,8,27,0,0
2,8,28,0,0
2,8,29,0,0
2,8,30,0.00510965,-0.0120414
2,9,0,-0.0118061,-0.0513603
2,9,1,-0.0025261,0.00233067
2,9,2,-0.00542566,-0.029626
2,9,3,-0.0137569,-0.0722171
2,9,4,-0.0134975,-0.0677867
2,9,5,-0.0175941,-0.107156
2,9,6,-0.0154257,-0.0878604
2,9,7,-0.0139607,-0.111782
2,9,8,-0.0106818,-0.0736163
2,9,9,-0.00935309,-0.0865007
2,9,10,-0.00804009,-0.177475
2,9,11,-0.00535849,-0.103682
2,9,12,-0.00222722,-0.117176
2,9,13,-0.000143996,-0.113673
2,9,14,0.00265335,-0.0862924
2,9,15,0.0035386,-0.107934
2,9,16,0.00670632,-0.116689
2,9,17,0.00638489,-0.0880231
2,9,18,0.00798929,-0.0947593
2,9,19,0.00590423,-0.0532245
2,9,20,0.00548086,-0.0468774
2,9,21,0.00228208,-0.0220182
2,9,22,0.0065642,-0.0532672
2,9,23,0,0
2,9,24,0.00227304,-0.0239432
2,9,25,1.91e-06,-0.00765859
2,9,26,0.00356347,-0.0275156
2,9,27,0,0
2,9,28,0,0
2,9,29,0.00429075,-0.00743467
2,9,30,0.00441043,-0.00795307
2,10,0,-0.00373116,-0.00844347
2,10,1,-0.00844563,-0.0218161
2,10,2,-0.00729209,-0.0391459
2,10,3,-0.0111934,-0.0660508
2,10,4,-0.0148267,-0.0816787
2,10,5,-0.0129449,-0.0239146
2,10,6,-0.00833087,-0.049262
2,10,7,-0.0126459,-0.0877066
2,10,8,-0.0101784,-0.107185
2,10,9,-0.00716594,-0.0785355
2,10,10,-0.00635592,-0.0586619
2,10,11,-0.00503299,-0.128758
2,10,12,-0.00219088,-0.0913502
2,10,13,-0.000743672,-0.104157
2,10,14,0.00257534,-0.109453
2,10,15,0.00442654,-0.049788
2,10,16,0.00649438,-0.0876603
2,10,17,0.00710085,-0.0672919
2,10,18,0.00711395,-0.0518285
2,10,19,0.00722642,-0.0526139
2,10,20,0.0116219,-0.0543837
2,10,21,0.0041997,-0.0281905
2,10,22,0.00243893,-0.0103816
2,10,23,0.00672336,-0.0346347
2,10,24,0.00277435,-0.022549
2,10,25,0.0111446,-0.022887
2,10,26,0.00880357,-0.0188146
2,10,27,0,0
2,10,28,0,0
2,10,29,0.00394275,-0.0152178
2,10,30,0,0
2,11,0,-0.00368649,-0.010048
2,11,1,-0.00325526,-0.0123745
2,11,2,-0.00235017,-0.0263777
2,11,3,-0.00216785,-0.0198486
2,11,4,-0.00404286,-0.0216342
2,11,5,-0.0120535,-0.0197069
2,11,6,-0.00760012,-0.0217231
2,11,7,-0.0126584,-0.0523468
2,11,8,-0.00639497,-0.0187585
2,11,9,-0.00906349,-0.0679166
2,11,10,-0.00610464,-0.0470897
2,11,11,-0.0046523,-0.0171639
2,11,12,-0.00269645,-0.0382876
2,11,13,-0.000203509,-0.0622585
2,11,14,0.00166933,-0.0846939
2,11,15,0.00333069,-0.0387094
2,11,16,0.00515308,-0.0452779
2,11,17,0.00673208,-0.0613243
2,11,18,0.00507498,-0.042884
2,11,19,0.011173,-0.0938607
2,11,20,0.0112381,-0.0159145
2,11,21,0.0109449,-0.0539265
2,11,22,0.0102523,-0.0349866
2,11,23,0.0124087,-0.0230514
2,11,24,0.00508919,-0.0305993
2,11,25,0.00269928,-0.0135429
2,11,26,0.00330771,0.00819733
2,11,27,0,0
2,11,28,0,0
2,11,29,0.00441357,-0.00984664
2,11,30,0.0128075,-0.0167849
2,12,0,-0.00338403,-0.00205018
2,12,1,-0.0108614,-0.00655521
2,12,2,-0.0139245,-0.0466173
2,12,3,-0.00506283,-0.0040839
2,12,4,-0.00555779,-0.0149111
2,12,5,-0.0106443,-0.0167546
2,12,6,-0.00151587,-0.0150753
2,12,7,-0.0127295,-0.0675573
2,12,8,-0.00904085,-0.0165754
2,12,9,-0.00898323,-0.0662145
2,12,10,-0.00556516,-0.0100659
2,12,11,-0.00367096,-0.023215
2,12,12,-0.00266908,-0.0538045
2,12,13,0.000316642,-0.0330315
2,12,14,0.00141619,-0.0316538
2,12,15,0.00367199,-0.0244325
2,12,16,0.00659912,-0.0150077
2,12,17,0.00868848,0.0102952
2,12,18,0.0125308,-0.0102232
2,12,19,0.0123727,0.00919128
2,12,20,0.0178359,-0.0670759
2,12,21,0.0200503,-0.0582717
2,12,22,0.0209763,-0.024959
2,12,23,0.0248133,-0.0308928
2,12,24,0.0264866,-0.0254051
2,12,25,0.0302219,-0.058488
2,12,26,0.0265367,-0.0763966
2,12,27,0.0205055,-0.00784357
2,12,28,0.0266571,-0.0358967
2,12,29,0.0278419,-0.0542267
2,12,30,0.0267227,0.0276287
2,13,0,-0.0090765,-0.0300488
2,13,1,-0.00308365,0.00568043
2,13,2,-0.00519308,-0.00110044
2,13,3,-0.00264774,-0.004348
2,13,4,-0.00458057,-0.0207303
2,13,5,-0.00348062,-0.00375617
2,13,6,-0.0104779,0.000963617
2,13,7,-0.00341331,-0.0067763
2,13,8,-0.00573372,0.00183454
2,13,9,-0.00480454,0.0129033
2,13,10,-0.0065402,0.00862457
2,13,11,-0.00201318,-0.00151058
2,13,12,-0.00163006,0.00629195
2,13,13,0.000529835,0.0355171
2,13,14,0.00243484,-0.00974623
2,13,15,0.00388617,0.00113415
2,13,16,0.00625875,-0.0107911
2,13,17,0.00850666,-0.0181488
2,13,18,0.0115149,0.00638232
2,13,19,0.0107615,-0.011932
2,13,20,0.0133419,-0.0237483
2,13,21,0.0169196,0.00553573
2,13,22,0.0160352,-0.0366297
2,13,23,0.0221016,-0.0254046
2,13,24,0.0240436,-0.0227944
2,13,25,0.0280115,-0.0214013
2,13,26,0.0296318,-0.0215846
2,13,27,0.0244237,0.0050999
2,13,28,0.0225667,0.0320593
2,13,29,0.0245963,0.00579487
2,13,30,0.0286787,0.0120097
2,14,0,0,0
2,14,1,0,0
2,14,2,-0.00275896,0.0147306
2,14,3,0,0
2,14,4,-0.0040895,0.0180848
2,14,5,-0.00226798,0.0253043
2,14,6,-0.00471792,0.0246502
2,14,7,-0.00566817,0.0318386
2,14,8,-0.00530294,0.0485692
2,14,9,-0.00457656,-0.00589526
2,14,10,-0.00439175,0.0268662
2,14,11,-0.00356631,0.0298767
2,14,12,-0.00195148,0.0132975
2,14,13,0.000531138,-0.0180783
2,14,14,0.000970708,0.00948866
2,14,15,0.00295038,-0.00554463
2,14,16,0.00767156,-0.00867775
2,14,17,0.00705621,-0.0246788
2,14,18,0.00781546,0.0238804
2,14,19,0.0120531,0.0143206
2,14,20,0.0173391,0.0377923
2,14,21,0.0121232,0.0554133
2,14,22,0.0197777,0.027596
2,14,23,0.0188458,0.0204993
2,14,24,0.0238175,0.0215007
2,14,25,0.0240874,0.0311911
2,14,26,0.02771,0.014888
2,14,27,0.030525,0.0246235
2,14,28,0.0198514,0.0272765
2,14,29,0.0175508,0.0408291
2,14,30,0.0233221,0.0483776
2,15,0,0,0
2,15,1,0,0
2,15,2,1e-06,0.00753713
2,15,3,0,0
2,15,4,-0.00260017,0.003268
2,15,5,-0.00463462,0.00471436
2,15,6,-0.00338138,0.0218369
2,15,7,0,0
2,15,8,-0.00266039,0.0051665
2,15,9,-0.000794773,0.0223067
2,15,10,-0.00117884,0.0297063
2,15,11,-0.00198,0.0255141
2,15,12,-0.000357292,-0.00739619
2,15,13,0.000219605,0.0129728
2,15,14,0.000643248,0.0341036
2,15,15,0.00169967,0.0559276
2,15,16,0.00138236,0.0434475
2,15,17,0.00173634,-0.00738993
2,15,18,0.00576343,0.00149294
2,15,19,0.00658329,0.0517124
2,15,20,0.00856001,0.0615684
2,15,21,0.0109347,0.0501401
2,15,22,0.0156711,0.0133362
2,15,23,0.0201072,0.0426687
2,15,24,0.0231382,0.102865
2,15,25,0.0172693,0.0419849
2,15,26,0.0258225,0.0302337
2,15,27,0.0256962,0.0724171
2,15,28,0.0176536,0.0508048
2,15,29,0.021988,0.0483799
2,15,30,0.0281087,0.0565853
2,16,0,0,0
2,16,1,0,0
2,16,2,0,0
2,16,3,0,0
2,16,4,0,0
2,16,5,-0.00209796,0.0187157
2,16,6,0,0
2,16,7,1e-06,0.0102731
2,16,8,-0.00124899,0.0088624
2,16,9,-0.00213329,0.0410896
2,16,10,-0.00109963,0.0099728
2,16,11,-0.000568133,0.0148616
2,16,12,-0.000560164,0.0165094
2,16,13,1e-06,0.00915973
2,16,14,0.0002226,0.0192238
2,16,15,0.00191671,0.0589471
2,16,16,0,0
2,16,17,0.00389489,0.0398597
2,16,18,0.00571551,0.0606683
2,16,19,0.00384267,0.0305705
2,16,20,0.0016873,0.0396256
2,16,21,0.00327312,0.0567353
2,16,22,0.00955897,0.0482645
2,16,23,0.00626895,0.030756
2,16,24,0.0102938,0.0669233
2,16,25,0.00967153,0.0215384
2,16,26,0.0102733,0.0603234
2,16,27,0.0150627,0.0927106
2,16,28,0.00756537,0.00857349
2,16,29,0.00402613,0.0099448
2,16,30,0.0172877,0.0784104
2,17,0,0,0
2,17,1,0,0
2,17,2,0,0
2,17,3,0,0
2,17,4,0,0
2,17,5,0,0
2,17,6,-0.00186373,0.0254867
2,17,7,-0.00315707,0.0272291
2,17,8,0,0
2,17,9,0,0
2,17,10,-0.00261375,0.109444
2,17,11,0,0
2,17,12,-0.000864496,0.014123
2,17,13,0.000362906,0.0387896
2,17,14,0.000633858,0.0520268
2,17,15,1e-06,0.0205697
2,17,16,1e-06,0.0312776
2,17,17,0.0019066,0.0385037
2,17,18,0.003733,0.0424427
2,17,19,0.00162945,0.0562587
2,17,20,0,0
2,17,21,0.0043517,0.0384435
2,17,22,0.00627069,0.0486728
2,17,23,0,0
2,17,24,0,0
2,17,25,0.00321115,0.00162853
2,17,26,0.00916417,0.0425478
2,17,27,1e-06,0.0216468
2,17,28,0,0
2,17,29,0,0
2,17,30,0.0137455,0.0512898
2,18,0,0,0
2,18,1,0,0
2,18,2,0,0
2,18,3,0,0
2,18,4,0,0
2,18,5,-0.00215577,0.0303624
2,18,6,0,0
2,18,7,0,0
2,18,8,-0.00128481,0.0183291
2,18,9,-0.00289427,0.0419958
2,18,10,1e-06,0.0300168
2,18,11,1e-06,0.0217819
2,18,12,0,0
2,18,13,1e-06,0.0259706
2,18,14,0.000469031,0.0547291
2,18,15,0.000499647,0.019733
2,18,16,0,0
2,18,17,0,0
2,18,18,0,0
2,18,19,1.91e-06,0.0690017
2,18,20,0.00216533,0.0171664
2,18,21,0,0
2,18,22,0.003862,0.0479842
2,18,23,0.00269077,0.0224984
2,18,24,1.91e-06,0.0294571
2,18,25,0,0
2,18,26,0.00333269,0.0223312
2,18,27,0.00397619,0.0225571
2,18,28,0.00753997,0.0162951
2,18,29,0,0
2,18,30,1e-06,0.0285774
2,19,0,0,0
2,19,1,0,0
2,19,2,0,0
2,19,3,0,0
2,19,4,0,0
2,19,5,0,0
2,19,6,0,0
2,19,7,0,0
2,19,8,-0.00324518,0.0532643
2,19,9,-0.000719499,0.0638224
2,19,10,-0.0021813,0.103113
2,19,11,-0.00101426,0.0763296
2,19,12,-0.00035816,0.0220115
2,19,13,1e-06,0.0191199
2,19,14,0.000523364,0.0457045
2,19,15,1e-06,0.0335322
2,19,16,0,0
2,19,17,0.00342212,0.0698535
2,19,18,1e-06,0.0426408
2,19,19,0.00163029,0.020676
2,19,20,0.00544219,0.0662849
2,19,21,0.00202651,0.0340389
2,19,22,0.00455892,0.0566223
2,19,23,1e-06,0.0128517
2,19,24,0.00305427,0.0311219
2,19,25,1e-06,0.0347605
2,19,26,0.00577413,0.0941832
2,19,27,0,0
2,19,28,0.00386755,0.0462291
2,19,29,0,0
2,19,30,0.00821567,0.113339
2,20,0,0,0
2,20,1,0,0
2,20,2,0,0
2,20,3,0,0
2,20,4,0,0
2,20,5,0,0
2,20,6,-0.0015551,0.0243056
2,20,7,0,0
2,20,8,-0.00153998,0.0662574
2,20,9,0,0
2,20,10,-0.00060829,0.0502346
2,20,11,-0.000642367,0.0318622
2,20,12,-0.000712565,0.0614861
2,20,13,0.000100933,0.0132123
2,20,14,0,0
2,20,15,0.000855227,0.0253733
2,20,16,0.000839067,0.0331477
2,20,17,0.00098202,0.0158231
2,20,18,0,0
2,20,19,0.00147992,0.0294488
2,20,20,0.00196259,0.0221747
2,20,21,0.00194349,0.0263397
2,20,22,0.0062559,0.0940915
2,20,23,0.0050391,0.0782362
2,20,24,0.0073477,0.101194
2,20,25,0.0121496,0.187813
2,20,26,0.00332828,0.0623952
2,20,27,0.0126147,0.199089
2,20,28,0.00700497,0.0848622
2,20,29,0.00457669,0.0223584
2,20,30,0.0158285,0.152057
2,21,0,0,0
2,21,1,0,0
2,21,2,0,0
2,21,3,0,0
2,21,4,0,0
2,21,5,0,0
2,21,6,0,0
2,21,7,0,0
2,21,8,0,0
2,21,9,0,0
2,21,10,-0.000691498,0.0617728
2,21,11,-0.000576213,0.0440813
2,21,12,0,0
2,21,13,0.000286312,0.0679272
2,21,14,3.60865e-05,0.0448073
2,21,15,0,0
2,21,16,0.000573067,0.0231272
2,21,17,0.00128701,0.0338549
2,21,18,0,0
2,21,19,0.00320097,0.0695889
2,21,20,0.00200275,0.0418448
2,21,21,0.00675501,0.139853
2,21,22,0.00932292,0.155675
2,21,23,0.00532338,0.0675169
2,21,24,0.00792334,0.0855715
2,21,25,0.00324417,0.0352814
2,21,26,0.0088408,0.152861
2,21,27,0.0152742,0.121702
2,21,28,0.0138878,0.0870479
2,21,29,0,0
2,21,30,0.0180299,0.104522
2,22,0,0,0
2,22,1,0,0
2,22,2,0,0
2,22,3,0,0
2,22,4,0,0
2,22,5,-0.0018702,0.044919
2,22,6,0,0
2,22,7,0,0
2,22,8,-0.00101105,0.0395304
2,22,9,0,0
2,22,10,0,0
2,22,11,0,0
2,22,12,0,0
2,22,13,0,0
2,22,14,0,0
2,22,15,0,0
2,22,16,0,0
2,22,17,0,0
2,22,18,0,0
2,22,19,0.00302598,0.0686437
2,22,20,0.00167949,0.0239784
2,22,21,0.00376446,0.0852423
2,22,22,0.0065286,0.0810351
2,22,23,0.00893222,0.124704
2,22,24,0.0156269,0.207681
2,22,25,0.0163068,0.181261
2,22,26,0.00341011,0.0496939
2,22,27,0.00921123,0.0971661
2,22,28,0.00774633,0.0508434
2,22,29,0.0182844,0.13593
2,22,30,0.0209409,0.138883
2,23,0,0,0
2,23,1,0,0
2,23,2,0,0
2,23,3,0,0
2,23,4,0,0
2,23,5,0,0
2,23,6,0,0
2,23,7,0,0
2,23,8,0,0
2,23,9,-0.00136795,0.043012
2,23,10,0,0
2,23,11,-0.000444087,0.0330063
2,23,12,-0.0004161,0.0367649
2,23,13,0,0
2,23,14,0,0
2,23,15,0.000649787,0.0453627
2,23,16,0.00169516,0.0499831
2,23,17,0,0
2,23,18,0,0
2,23,19,1e-06,0.0389085
2,23,20,0.00182222,0.0395593
2,23,21,0.00242369,0.0324423
2,23,22,0.00442108,0.0622905
2,23,23,0.00758703,0.129742
2,23,24,0.0153101,0.228175
2,23,25,0.00857149,0.104363
2,23,26,0.0182646,0.21625
2,23,27,0.0106157,0.100176
2,23,28,0.0144542,0.143657
2,23,29,0.0161622,0.175179
2,23,30,0.0243401,0.24908
2,24,0,0,0
2,24,1,0,0
2,24,2,0,0
2,24,3,0,0
2,24,4,0,0
2,24,5,0,0
2,24,6,0,0
2,24,7,0,0
2,24,8,0,0
2,24,9,1e-06,0.0226179
2,24,10,0,0
2,24,11,0,0
2,24,12,0,0
2,24,13,0.000142107,0.0380931
2,24,14,0,0
2,24,15,0.000659947,0.0452816
2,24,16,0,0
2,24,17,0,0
2,24,18,0,0
2,24,19,0.0029723,0.0800954
2,24,20,0.00209399,0.0261997
2,24,21,0,0
2,24,22,0.00474502,0.0647547
2,24,23,0.00920834,0.133353
2,24,24,0.00288003,0.0172389
2,24,25,0.0108918,0.132058
2,24,26,0.00765858,0.192848
2,24,27,0.0209747,0.276095
2,24,28,0.0109593,0.0992761
2,24,29,0.0117876,0.107424
2,24,30,0.0361078,0.252948
2,25,0,0,0
2,25,1,0,0
2,25,2,0,0
2,25,3,0,0
2,25,4,0,0
2,25,5,-0.00207293,0.0420328
2,25,6,0,0
2,25,7,0,0
2,25,8,0,0
2,25,9,0,0
2,25,10,0,0
2,25,11,0,0
2,25,12,0,0
2,25,13,0,0
2,25,14,0,0
2,25,15,0,0
2,25,16,0,0
2,25,17,0,0
2,25,18,0,0
2,25,19,0,0
2,25,20,0.00191237,0.0362635
2,25,21,0.00218125,0.0424066
2,25,22,0.00190547,0.0808381
2,25,23,0.00637706,0.118794
2,25,24,0.0104065,0.111728
2,25,25,0.00621066,0.0743204
2,25,26,0.00669181,0.0780472
2,25,27,0.00683155,0.0923423
2,25,28,0.00384571,0.0773851
2,25,29,0.00832268,0.108096
2,25,30,0.00776772,0.150354
2,26,0,0,0
2,26,1,0,0
2,26,2,0,0
2,26,3,0,0
2,26,4,0,0
2,26,5,0,0
2,26,6,0,0
2,26,7,0,0
2,26,8,-0.00126326,0.0487955
2,26,9,0,0
2,26,10,0,0
2,26,11,1e-06,0.0441971
2,26,12,0,0
2,26,13,0,0
2,26,14,0,0
2,26,15,0,0
2,26,16,0,0
2,26,17,0,0
2,26,18,0,0
2,26,19,0,0
2,26,20,0,0
2,26,21,1e-06,0.0422427
2,26,22,0.00259647,0.0401975
2,26,23,0.00254543,0.0449949
2,26,24,0,0
2,26,25,0.00313715,0.0753901
2,26,26,2.7381e-06,0.113296
2,26,27,0.0065952,0.142718
2,26,28,0.00769258,0.0801509
2,26,29,0.00424966,0.0463169
2,26,30,0.0043828,0.0805603
2,27,0,0,0
2,27,1,0,0
2,27,2,0,0
2,27,3,0,0
2,27,4,0,0
2,27,5,0,0
2,27,6,0,0
2,27,7,0,0
2,27,8,0,0
2,27,9,0,0
2,27,10,0,0
2,27,11,0,0
2,27,12,0,0
2,27,13,0,0
2,27,14,0,0
2,27,15,0,0
2,27,16,0,0
2,27,17,0,0
2,27,18,0,0
2,27,19,0,0
2,27,20,0,0
2,27,21,0,0
2,27,22,0,0
2,27,23,0,0
2,27,24,1e-06,0.0375413
2,27,25,0,0
2,27,26,1e-06,0.0558088
2,27,27,0.00392421,0.0360504
2,27,28,1e-06,0.0320661
2,27,29,1e-06,0.0313933
2,27,30,1e-06,0.0393205
2,28,0,0,0
2,28,1,0,0
2,28,2,0,0
2,28,3,0,0
2,28,4,0,0
2,28,5,0,0
2,28,6,0,0
2,28,7,0,0
2,28,8,0,0
2,28,9,0,0
2,28,10,0,0
2,28,11,0,0
2,28,12,0,0
2,28,13,0,0
2,28,14,0,0
2,28,15,0,0
2,28,16,0,0
2,28,17,0,0
2,28,18,0,0
2,28,19,0,0
2,28,20,0,0
2,28,21,0,0
2,28,22,0,0
2,28,23,0,0
2,28,24,0,0
2,28,25,0,0
2,28,26,0,0
2,28,27,0,0
2,28,28,0,0
2,28,29,0,0
2,28,30,1e-06,0.0522813
2,29,0,0,0
2,29,1,0,0
2,29,2,0,0
2,29,3,0,0
2,29,4,0,0
2,29,5,0,0
2,29,6,0,0
2,29,7,0,0
2,29,8,0,0
2,29,9,0,0
2,29,10,0,0
2,29,11,0,0
2,29,12,0,0
2,29,13,0,0
2,29,14,0,0
2,29,15,0,0
2,29,16,0,0
2,29,17,0,0
2,29,18,0,0
2,29,19,0,0
2,29,20,0,0
2,29,21,0,0
2,29,22,0,0
2,29,23,0,0
2,29,24,0,0
2,29,25,0,0
2,29,26,0,0
2,29,27,0,0
2,29,28,0,0
2,29,29,0,0
2,29,30,0,0
2,30,0,0,0
2,30,1,0,0
2,30,2,0,0
2,30,3,0,0
2,30,4,0,0
2,30,5,0,0
2,30,6,0,0
2,30,7,0,0
2,30,8,0,0
2,30,9,0,0
2,30,10,0,0
2,30,11,0,0
2,30,12,0,0
2,30,13,0,0
2,30,14,0,0
2,30,15,0,0
2,30,16,0,0
2,30,17,0,0
2,30,18,0,0
2,30,19,0,0
2,30,20,0,0
2,30,21,0,0
2,30,22,0,0
2,30,23,0,0
2,30,24,0,0
2,30,25,0,0
2,30,26,0,0
2,30,27,0,0
2,30,28,0,0
2,30,29,0,0
2,30,30,0,0
3,0,0,0,0
3,0,1,0,0
3,0,2,0,0
3,0,3,0,0
3,0,4,0,0
3,0,5,0,0
3,0,6,0,0
3,0,7,0,0
3,0,8,0,0
3,0,9,0,0
3,0,10,0,0
3,0,11,0,0
3,0,12,0,0
3,0,13,0,0
3,0,14,0,0
3,0,15,0,0
3,0,16,0,0
3,0,17,0,0
3,0,18,0,0
3,0,19,0,0
3,0,20,0,0
3,0,21,0,0
3,0,22,0,0
3,0,23,0,0
3,0,24,1e-06,1e-05
3,0,25,0,0
3,0,26,0,0
3,0,27,0,0
3,0,28,1e-06,1e-05
3,0,29,0,0
3,0,30,0,0
3,1,0,1.91e-06,1.91e-05
3,1,1,1e-06,1e-05
3,1,2,1e-06,1e-05
3,1,3,1.91e-06,1.91e-05
3,1,4,1e-06,1e-05
3,1,5,1e-06,1e-05
3,1,6,1e-06,1e-05
3,1,7,1e-06,1e-05
3,1,8,1e-06,1e-05
3,1,9,0,0
3,1,10,0,0
3,1,11,0,0
3,1,12,0,0
3,1,13,0,0
3,1,14,0,0
3,1,15,0,0
3,1,16,0,0
3,1,17,0,0
3,1,18,0,0
3,1,19,0,0
3,1,20,0,0
3,1,21,0,0
3,1,22,0,0
3,1,23,1e-06,1e-05
3,1,24,0,0
3,1,25,0,0
3,1,26,0,0
3,1,27,0,0
3,1,28,0,0
3,1,29,0,0
3,1,30,0,0
3,2,0,0,0
3,2,1,0,0
3,2,2,0,0
3,2,3,1.91e-06,1.91e-05
3,2,4,0,0
3,2,5,1.91e-06,1.91e-05
3,2,6,1e-06,1e-05
3,2,7,0,0
3,2,8,1e-06,1e-05
3,2,9,1e-06,1e-05
3,2,10,1e-06,1e-05
3,2,11,1e-06,1e-05
3,2,12,0,0
3,2,13,0,0
3,2,14,0,0
3,2,15,0,0
3,2,16,0,0
3,2,17,0,0
3,2,18,0,0
3,2,19,0,0
3,2,20,0,0
3,2,21,0,0
3,2,22,0,0
3,2,23,0,0
3,2,24,0,0
3,2,25,0,0
3,2,26,0,0
3,2,27,0,0
3,2,28,0,0
3,2,29,0,0
3,2,30,0,0
3,3,0,0,0
3,3,1,0,0
3,3,2,1e-06,1e-05
3,3,3,0,0
3,3,4,0,0
3,3,5,0,0
3,3,6,0,0
3,3,7,1e-06,1e-05
3,3,8,1e-06,1e-05
3,3,9,1e-06,1e-05
3,3,10,0,0
3,3,11,0,0
3,3,12,1e-06,1e-05
3,3,13,0,0
3,3,14,0,0
3,3,15,0,0
3,3,16,1e-06,1e-05
3,3,17,0,0
3,3,18,0,0
3,3,19,1e-06,1e-05
3,3,20,0,0
3,3,21,0,0
3,3,22,0,0
3,3,23,0,0
3,3,24,0,0
3,3,25,0,0
3,3,26,0,0
3,3,27,0,0
3,3,28,0,0
3,3,29,0,0
3,3,30,0,0
3,4,0,0,0
3,4,1,0,0
3,4,2,0,0
3,4,3,0,0
3,4,4,0,0
3,4,5,0,0
3,4,6,0,0
3,4,7,0,0
3,4,8,1e-06,1e-05
3,4,9,1e-06,1e-05
3,4,10,0,0
3,4,11,1e-06,1e-05
3,4,12,0,0
3,4,13,0,0
3,4,14,0,0
3,4,15,0,0
3,4,16,0,0
3,4,17,0,0
3,4,18,0,0
3,4,19,0,0
3,4,20,0,0
3,4,21,0,0
3,4,22,0,0
3,4,23,0,0
3,4,24,0,0
3,4,25,0,0
3,4,26,0,0
3,4,27,0,0
3,4,28,0,0
3,4,29,0,0
3,4,30,0,0
3,5,0,0,0
3,5,1,0,0
3,5,2,0,0
3,5,3,0,0
3,5,4,0,0
3,5,5,0,0
3,5,6,1e-06,1e-05
3,5,7,1e-06,1e-05
3,5,8,0,0
3,5,9,0,0
3,5,10,0,0
3,5,11,0,0
3,5,12,0,0
3,5,13,0,0
3,5,14,0,0
3,5,15,1e-06,1e-05
3,5,16,0,0
3,5,17,0,0
3,5,18,0,0
3,5,19,0,0
3,5,20,0,0
3,5,21,0,0
3,5,22,0,0
3,5,23,0,0
3,5,24,0,0
3,5,25,0,0
3,5,26,0,0
3,5,27,0,0
3,5,28,0,0
3,5,29,0,0
3,5,30,0,0
3,6,0,0,0
3,6,1,0,0
3,6,2,0,0
3,6,3,0,0
3,6,4,0,0
3,6,5,0,0
3,6,6,0,0
3,6,7,0,0
3,6,8,0,0
3,6,9,0,0
3,6,10,0,0
3,6,11,0,0
3,6,12,1e-06,1e-05
3,6,13,0,0
3,6,14,0,0
3,6,15,0,0
3,6,16,0,0
3,6,17,0,0
3,6,18,0,0
3,6,19,0,0
3,6,20,0,0
3,6,21,0,0
3,6,22,0,0
3,6,23,0,0
3,6,24,0,0
3,6,25,0,0
3,6,26,0,0
3,6,27,0,0
3,6,28,0,0
3,6,29,0,0
3,6,30,0,0
3,7,0,1e-06,1e-05
3,7,1,0,0
3,7,2,0,0
3,7,3,0,0
3,7,4,1e-06,1e-05
3,7,5,0,0
3,7,6,0,0
3,7,7,0,0
3,7,8,1e-06,1e-05
3,7,9,0,0
3,7,10,1e-06,1e-05
3,7,11,0,0
3,7,12,0,0
3,7,13,0,0
3,7,14,0,0
3,7,15,0,0
3,7,16,0,0
3,7,17,0,0
3,7,18,0,0
3,7,19,0,0
3,7,20,0,0
3,7,21,0,0
3,7,22,0,0
3,7,23,0,0
3,7,24,0,0
3,7,25,0,0
3,7,26,0,0
3,7,27,0,0
3,7,28,0,0
3,7,29,0,0
3,7,30,0,0
3,8,0,0,0
3,8,1,0,0
3,8,2,0,0
3,8,3,1e-06,1e-05
3,8,4,0,0
3,8,5,1e-06,1e-05
3,8,6,1e-06,1e-05
3,8,7,0,0
3,8,8,0,0
3,8,9,1e-06,1e-05
3,8,10,1e-06,1e-05
3,8,11,0,0
3,8,12,1e-06,1e-05
3,8,13,1e-06,1e-05
3,8,14,1e-06,1e-05
3,8,15,1e-06,1e-05
3,8,16,0,0
3,8,17,0,0
3,8,18,0,0
3,8,19,0,0
3,8,20,0,0
3,8,21,0,0
3,8,22,0,0
3,8,23,0,0
3,8,24,0,0
3,8,25,0,0
3,8,26,0,0
3,8,27,0,0
3,8,28,0,0
3,8,29,0,0
3,8,30,0,0
3,9,0,0,0
3,9,1,0,0
3,9,2,0,0
3,9,3,0,0
3,9,4,0,0
3,9,5,0,0
3,9,6,0,0
3,9,7,0,0
3,9,8,0,0
3,9,9,0,0
3,9,10,0,0
3,9,11,0,0
3,9,12,0,0
3,9,13,1e-06,1e-05
3,9,14,1e-06,1e-05
3,9,15,0,0
3,9,16,0,0
3,9,17,0,0
3,9,18,0,0
3,9,19,0,0
3,9,20,1e-06,1e-05
3,9,21,0,0
3,9,22,1e-06,1e-05
3,9,23,0,0
3,9,24,0,0
3,9,25,0,0
3,9,26,0,0
3,9,27,0,0
3,9,28,0,0
3,9,29,0,0
3,9,30,0,0
3,10,0,0,0
3,10,1,0,0
3,10,2,0,0
3,10,3,0,0
3,10,4,0,0
3,10,5,1e-06,1e-05
3,10,6,0,0
3,10,7,0,0
3,10,8,0,0
3,10,9,1e-06,1e-05
3,10,10,1e-06,1e-05
3,10,11,0,0
3,10,12,1e-06,1e-05
3,10,13,1e-06,1e-05
3,10,14,0,0
3,10,15,1e-06,1e-05
3,10,16,2.7381e-06,2.7381e-05
3,10,17,0,0
3,10,18,0,0
3,10,19,0,0
3,10,20,0,0
3,10,21,0,0
3,10,22,0,0
3,10,23,0,0
3,10,24,0,0
3,10,25,0,0
3,10,26,0,0
3,10,27,0,0
3,10,28,0,0
3,10,29,0,0
3,10,30,0,0
3,11,0,0,0
3,11,1,0,0
3,11,2,0,0
3,11,3,0,0
3,11,4,0,0
3,11,5,0,0
3,11,6,0,0
3,11,7,0,0
3,11,8,0,0
3,11,9,1.91e-06,1.91e-05
3,11,10,0,0
3,11,11,1e-06,1e-05
3,11,12,0,0
3,11,13,0,0
3,11,14,1e-06,1e-05
3,11,15,1.91e-06,1.91e-05
3,11,16,1.91e-06,1.91e-05
3,11,17,0,0
3,11,18,1e-06,1e-05
3,11,19,0,0
3,11,20,0,0
3,11,21,0,0
3,11,22,0,0
3,11,23,0,0
3,11,24,0,0
3,11,25,0,0
3,11,26,0,0
3,11,27,0,0
3,11,28,0,0
3,11,29,0,0
3,11,30,0,0
3,12,0,0,0
3,12,1,0,0
3,12,2,0,0
3,12,3,0,0
3,12,4,0,0
3,12,5,1e-06,1e-05
3,12,6,0,0
3,12,7,0,0
3,12,8,0,0
3,12,9,1e-06,1e-05
3,12,10,0,0
3,12,11,0,0
3,12,12,0,0
3,12,13,1e-06,1e-05
3,12,14,0,0
3,12,15,0,0
3,12,16,0,0
3,12,17,0,0
3,12,18,0,0
3,12,19,0,0
3,12,20,0,0
3,12,21,0,0
3,12,22,0,0
3,12,23,1e-06,1e-05
3,12,24,1e-06,1e-05
3,12,25,1e-06,1e-05
3,12,26,0,0
3,12,27,1e-06,1e-05
3,12,28,1.91e-06,1.91e-05
3,12,29,1e-06,1e-05
3,12,30,0,0
3,13,0,0,0
3,13,1,0,0
3,13,2,0,0
3,13,3,0,0
3,13,4,0,0
3,13,5,0,0
3,13,6,0,0
3,13,7,0,0
3,13,8,0,0
3,13,9,0,0
3,13,10,1e-06,1e-05
3,13,11,0,0
3,13,12,0,0
3,13,13,0,0
3,13,14,0,0
3,13,15,0,0
3,13,16,0,0
3,13,17,0,0
3,13,18,0,0
3,13,19,0,0
3,13,20,1e-06,1e-05
3,13,21,1e-06,1e-05
3,13,22,4.17742e-06,4.17742e-05
3,13,23,1e-06,1e-05
3,13,24,1.91e-06,1.91e-05
3,13,25,1.91e-06,1.91e-05
3,13,26,0,0
3,13,27,1e-06,1e-05
3,13,28,1.91e-06,1.91e-05
3,13,29,0,0
3,13,30,0,0
3,14,0,0,0
3,14,1,0,0
3,14,2,0,0
3,14,3,0,0
3,14,4,0,0
3,14,5,0,0
3,14,6,0,0
3,14,7,0,0
3,14,8,0,0
3,14,9,0,0
3,14,10,0,0
3,14,11,0,0
3,14,12,0,0
3,14,13,0,0
3,14,14,0,0
3,14,15,0,0
3,14,16,0,0
3,14,17,0,0
3,14,18,1e-06,1e-05
3,14,19,1e-06,1e-05
3,14,20,1e-06,1e-05
3,14,21,1e-06,1e-05
3,14,22,0,0
3,14,23,0,0
3,14,24,1e-06,1e-05
3,14,25,0,0
3,14,26,1.91e-06,1.91e-05
3,14,27,1e-06,1e-05
3,14,28,1e-06,1e-05
3,14,29,0,0
3,14,30,1e-06,1e-05
3,15,0,0,0
3,15,1,0,0
3,15,2,0,0
3,15,3,0,0
3,15,4,0,0
3,15,5,0,0
3,15,6,0,0
3,15,7,0,0
3,15,8,1e-06,1e-05
3,15,9,2.7381e-06,2.7381e-05
3,15,10,0,0
3,15,11,0,0
3,15,12,1e-06,1e-05
3,15,13,0,0
3,15,14,0,0
3,15,15,1e-06,1e-05
3,15,16,0,0
3,15,17,0,0
3,15,18,0,0
3,15,19,0,0
3,15,20,0,0
3,15,21,1e-06,1e-05
3,15,22,0,0
3,15,23,1e-06,1e-05
3,15,24,0,0
3,15,25,0,0
3,15,26,0,0
3,15,27,0,0
3,15,28,0,0
3,15,29,0,0
3,15,30,0,0
3,16,0,0,0
3,16,1,0,0
3,16,2,0,0
3,16,3,0,0
3,16,4,0,0
3,16,5,0,0
3,16,6,0,0
3,16,7,0,0
3,16,8,0,0
3,16,9,0,0
3,16,10,0,0
3,16,11,0,0
3,16,12,0,0
3,16,13,0,0
3,16,14,0,0
3,16,15,0,0
3,16,16,0,0
3,16,17,0,0
3,16,18,0,0
3,16,19,0,0
3,16,20,0,0
3,16,21,0,0
3,16,22,0,0
3,16,23,0,0
3,16,24,0,0
3,16,25,0,0
3,16,26,0,0
3,16,27,0,0
3,16,28,0,0
3,16,29,0,0
3,16,30,0,0
3,17,0,0,0
3,17,1,0,0
3,17,2,0,0
3,17,3,0,0
3,17,4,0,0
3,17,5,0,0
3,17,6,0,0
3,17,7,0,0
3,17,8,0,0
3,17,9,0,0
3,17,10,0,0
3,17,11,0,0
3,17,12,1e-06,1e-05
3,17,13,0,0
3,17,14,0,0
3,17,15,0,0
3,17,16,0,0
3,17,17,0,0
3,17,18,0,0
3,17,19,0,0
3,17,20,0,0
3,17,21,1e-06,1e-05
3,17,22,0,0
3,17,23,0,0
3,17,24,0,0
3,17,25,0,0
3,17,26,0,0
3,17,27,0,0
3,17,28,0,0
3,17,29,0,0
3,17,30,1e-06,1e-05
3,18,0,0,0
3,18,1,0,0
3,18,2,0,0
3,18,3,0,0
3,18,4,0,0
3,18,5,0,0
3,18,6,0,0
3,18,7,0,0
3,18,8,0,0
3,18,9,0,0
3,18,10,0,0
3,18,11,0,0
3,18,12,0,0
3,18,13,0,0
3,18,14,0,0
3,18,15,0,0
3,18,16,0,0
3,18,17,0,0
3,18,18,0,0
3,18,19,0,0
3,18,20,0,0
3,18,21,1e-06,1e-05
3,18,22,0,0
3,18,23,0,0
3,18,24,0,0
3,18,25,0,0
3,18,26,0,0
3,18,27,0,0
3,18,28,0,0
3,18,29,0,0
3,18,30,1e-06,1e-05
3,19,0,0,0
3,19,1,0,0
3,19,2,0,0
3,19,3,0,0
3,19,4,0,0
3,19,5,0,0
3,19,6,0,0
3,19,7,0,0
3,19,8,0,0
3,19,9,0,0
3,19,10,0,0
3,19,11,0,0
3,19,12,0,0
3,19,13,0,0
3,19,14,1e-06,1e-05
3,19,15,0,0
3,19,16,0,0
3,19,17,0,0
3,19,18,0,0
3,19,19,0,0
3,19,20,0,0
3,19,21,0,0
3,19,22,0,0
3,19,23,0,0
3,19,24,0,0
3,19,25,0,0
3,19,26,0,0
3,19,27,0,0
3,19,28,0,0
3,19,29,0,0
3,19,30,0,0
3,20,0,0,0
3,20,1,0,0
3,20,2,0,0
3,20,3,0,0
3,20,4,0,0
3,20,5,0,0
3,20,6,0,0
3,20,7,0,0
3,20,8,0,0
3,20,9,0,0
3,20,10,0,0
3,20,11,0,0
3,20,12,0,0
3,20,13,0,0
3,20,14,0,0
3,20,15,0,0
3,20,16,0,0
3,20,17,0,0
3,20,18,0,0
3,20,19,0,0
3,20,20,0,0
3,20,21,0,0
3,20,22,0,0
3,20,23,0,0
3,20,24,0,0
3,20,25,0,0
3,20,26,0,0
3,20,27,0,0
3,20,28,0,0
3,20,29,0,0
3,20,30,0,0
3,21,0,0,0
3,21,1,0,0
3,21,2,0,0
3,21,3,0,0
3,21,4,0,0
3,21,5,0,0
3,21,6,0,0
3,21,7,0,0
3,21,8,0,0
3,21,9,0,0
3,21,10,0,0
3,21,11,0,0
3,21,12,0,0
3,21,13,0,0
3,21,14,0,0
3,21,15,0,0
3,21,16,0,0
3,21,17,0,0
3,21,18,0,0
3,21,19,0,0
3,21,20,0,0
3,21,21,0,0
3,21,22,0,0
3,21,23,0,0
3,21,24,0,0
3,21,25,0,0
3,21,26,0,0
3,21,27,0,0
3,21,28,0,0
3,21,29,0,0
3,21,30,0,0
3,22,0,0,0
3,22,1,0,0
3,22,2,0,0
3,22,3,0,0
3,22,4,0,0
3,22,5,0,0
3,22,6,0,0
3,22,7,0,0
3,22,8,0,0
3,22,9,0,0
3,22,10,0,0
3,22,11,0,0
3,22,12,0,0
3,22,13,0,0
3,22,14,0,0
3,22,15,0,0
3,22,16,0,0
3,22,17,0,0
3,22,18,0,0
3,22,19,0,0
3,22,20,0,0
3,22,21,0,0
3,22,22,0,0
3,22,23,0,0
3,22,24,0,0
3,22,25,0,0
3,22,26,0,0
3,22,27,1e-06,1e-05
3,22,28,0,0
3,22,29,0,0
3,22,30,0,0
3,23,0,0,0
3,23,1,0,0
3,23,2,0,0
3,23,3,0,0
3,23,4,0,0
3,23,5,0,0
3,23,6,0,0
3,23,7,0,0
3,23,8,0,0
3,23,9,0,0
3,23,10,0,0
3,23,11,0,0
3,23,12,0,0
3,23,13,0,0
3,23,14,0,0
3,23,15,0,0
3,23,16,0,0
3,23,17,0,0
3,23,18,0,0
3,23,19,0,0
3,23,20,0,0
3,23,21,0,0
3,23,22,0,0
3,23,23,0,0
3,23,24,0,0
3,23,25,0,0
3,23,26,0,0
3,23,27,1e-06,1e-05
3,23,28,0,0
3,23,29,0,0
3,23,30,0,0
3,24,0,0,0
3,24,1,0,0
3,24,2,0,0
3,24,3,0,0
3,24,4,0,0
3,24,5,0,0
3,24,6,0,0
3,24,7,0,0
3,24,8,0,0
3,24,9,0,0
3,24,10,0,0
3,24,11,0,0
3,24,12,0,0
3,24,13,0,0
3,24,14,0,0
3,24,15,0,0
3,24,16,0,0
3,24,17,0,0
3,24,18,0,0
3,24,19,0,0
3,24,20,0,0
3,24,21,0,0
3,24,22,0,0
3,24,23,0,0
3,24,24,0,0
3,24,25,0,0
3,24,26,0,0
3,24,27,0,0
3,24,28,0,0
3,24,29,0,0
3,24,30,1e-06,1e-05
3,25,0,0,0
3,25,1,0,0
3,25,2,0,0
3,25,3,0,0
3,25,4,0,0
3,25,5,0,0
3,25,6,0,0
3,25,7,0,0
3,25,8,0,0
3,25,9,0,0
3,25,10,0,0
3,25,11,0,0
3,25,12,0,0
3,25,13,0,0
3,25,14,0,0
3,25,15,0,0
3,25,16,0,0
3,25,17,0,0
3,25,18,0,0
3,25,19,0,0
3,25,20,0,0
3,25,21,1e-06,1e-05
3,25,22,0,0
3,25,23,0,0
3,25,24,0,0
3,25,25,0,0
3,25,26,0,0
3,25,27,0,0
3,25,28,0,0
3,25,29,0,0
3,25,30,0,0
3,26,0,0,0
3,26,1,0,0
3,26,2,0,0
3,26,3,0,0
3,26,4,0,0
3,26,5,0,0
3,26,6,0,0
3,26,7,0,0
3,26,8,0,0
3,26,9,0,0
3,26,10,0,0
3,26,11,0,0
3,26,12,0,0
3,26,13,0,0
3,26,14,0,0
3,26,15,0,0
3,26,16,0,0
3,26,17,0,0
3,26,18,0,0
3,26,19,0,0
3,26,20,0,0
3,26,21,1e-06,1e-05
3,26,22,0,0
3,26,23,0,0
3,26,24,0,0
3,26,25,0,0
3,26,26,0,0
3,26,27,0,0
3,26,28,0,0
3,26,29,0,0
3,26,30,1.91e-06,1.91e-05
3,27,0,0,0
3,27,1,0,0
3,27,2,0,0
3,27,3,0,0
3,27,4,0,0
3,27,5,0,0
3,27,6,0,0
3,27,7,0,0
3,27,8,0,0
3,27,9,0,0
3,27,10,0,0
3,27,11,0,0
3,27,12,0,0
3,27,13,0,0
3,27,14,0,0
3,27,15,0,0
3,27,16,0,0
3,27,17,0,0
3,27,18,0,0
3,27,19,0,0
3,27,20,0,0
3,27,21,0,0
3,27,22,0,0
3,27,23,0,0
3,27,24,0,0
3,27,25,0,0
3,27,26,0,0
3,27,27,0,0
3,27,28,0,0
3,27,29,0,0
3,27,30,0,0
3,28,0,0,0
3,28,1,0,0
3,28,2,0,0
3,28,3,0,0
3,28,4,0,0
3,28,5,0,0
3,28,6,0,0
3,28,7,0,0
3,28,8,0,0
3,28,9,0,0
3,28,10,0,0
3,28,11,0,0
3,28,12,0,0
3,28,13,0,0
3,28,14,0,0
3,28,15,0,0
3,28,16,0,0
3,28,17,0,0
3,28,18,0,0
3,28,19,0,0
3,28,20,0,0
3,28,21,0,0
3,28,22,0,0
3,28,23,0,0
3,28,24,0,0
3,28,25,0,0
3,28,26,0,0
3,28,27,0,0
3,28,28,0,0
3,28,29,0,0
3,28,30,0,0
3,29,0,0,0
3,29,1,0,0
3,29,2,0,0
3,29,3,0,0
3,29,4,0,0
3,29,5,0,0
3,29,6,0,0
3,29,7,0,0
3,29,8,0,0
3,29,9,0,0
3,29,10,0,0
3,29,11,0,0
3,29,12,0,0
3,29,13,0,0
3,29,14,0,0
3,29,15,0,0
3,29,16,0,0
3,29,17,0,0
3,29,18,0,0
3,29,19,0,0
3,29,20,0,0
3,29,21,0,0
3,29,22,0,0
3,29,23,0,0
3,29,24,0,0
3,29,25,0,0
3,29,26,0,0
3,29,27,0,0
3,29,28,0,0
3,29,29,0,0
3,29,30,0,0
3,30,0,0,0
3,30,1,0,0
3,30,2,0,0
3,30,3,0,0
3,30,4,0,0
3,30,5,0,0
3,30,6,0,0
3,30,7,0,0
3,30,8,0,0
3,30,9,0,0
3,30,10,0,0
3,30,11,0,0
3,30,12,0,0
3,30,13,0,0
3,30,14,0,0
3,30,15,0,0
3,30,16,0,0
3,30,17,0,0
3,30,18,0,0
3,30,19,0,0
3,30,20,0,0
3,30,21,0,0
3,30,22,0,0
3,30,23,0,0
3,30,24,0,0
3,30,25,0,0
3,30,26,0,0
3,30,27,0,0
3,30,28,0,0
3,30,29,0,0
3,30,30,0,0
